rental_id,asset_id,site_id,operator_id,check_out_date,expected_return_date,actual_return_date,rental_days,synthetic_daily_rate,rental_status
RNT00001,EQX0013,SITE014,OP013,2025-10-31,2025-11-07,,7,638.32,ACTIVE
RNT00002,EQX0039,SITE001,OP046,2026-07-01,2026-07-08,,7,528.38,ACTIVE
RNT00003,EQX0007,SITE009,OP019,2025-05-10,2025-06-24,,45,1282.95,ACTIVE
RNT00004,EQX0063,SITE002,OP056,2025-01-13,2025-02-12,,30,541.11,ACTIVE
RNT00005,EQX0062,SITE008,OP022,2025-07-08,2025-07-11,,3,500.65,ACTIVE
RNT00006,EQX0111,SITE008,OP008,2025-03-08,2025-03-29,,21,804.52,ACTIVE
RNT00007,EQX0074,SITE011,OP044,2025-02-24,2025-03-03,,7,369.48,ACTIVE
RNT00008,EQX0073,SITE005,OP006,2025-09-12,2025-09-15,,3,888.75,ACTIVE
RNT00009,EQX0054,SITE010,OP039,2025-08-20,2025-10-19,,60,843.67,ACTIVE
RNT00010,EQX0058,SITE015,OP029,2025-11-01,2025-12-31,,60,927.43,ACTIVE
RNT00011,EQX0055,SITE005,OP037,2025-03-03,2025-04-02,,30,1399.34,ACTIVE
RNT00012,EQX0013,SITE013,OP014,2025-08-05,2025-08-19,,14,1018.74,ACTIVE
RNT00013,EQX0021,SITE004,OP012,2026-07-20,2026-07-23,,3,378.8,ACTIVE
RNT00014,EQX0053,SITE008,OP045,2026-04-27,2026-05-11,,14,221.45,ACTIVE
RNT00015,EQX0037,SITE012,OP019,2026-04-10,2026-04-13,,3,1052.98,ACTIVE
RNT00016,EQX0119,SITE005,OP051,2025-07-22,2025-08-12,,21,325.77,ACTIVE
RNT00017,EQX0029,SITE011,OP010,2025-09-30,2025-11-29,,60,360.64,ACTIVE
RNT00018,EQX0008,SITE003,OP051,2025-11-11,2025-12-11,,30,1131.18,ACTIVE
RNT00019,EQX0073,SITE015,OP019,2026-03-26,2026-03-29,,3,775.25,ACTIVE
RNT00020,EQX0039,SITE012,OP026,2025-10-06,2025-11-05,,30,865.78,ACTIVE
RNT00021,EQX0057,SITE002,OP039,2025-02-10,2025-03-03,,21,1112.86,ACTIVE
RNT00022,EQX0078,SITE005,OP002,2025-04-04,2025-04-11,,7,1401.63,ACTIVE
RNT00023,EQX0108,SITE014,OP037,2025-01-22,2025-03-23,,60,1033.8,ACTIVE
RNT00024,EQX0035,SITE010,OP003,2025-06-29,2025-07-20,,21,839.08,ACTIVE
RNT00025,EQX0057,SITE015,OP018,2025-07-05,2025-08-04,,30,733.57,ACTIVE
RNT00026,EQX0105,SITE008,OP006,2026-04-27,2026-05-11,,14,698.6,ACTIVE
RNT00027,EQX0042,SITE011,OP007,2025-06-14,2025-06-28,,14,702.79,ACTIVE
RNT00028,EQX0064,SITE005,OP043,2026-02-15,2026-04-16,,60,1145.83,ACTIVE
RNT00029,EQX0005,SITE008,OP006,2025-11-19,2025-12-03,,14,590.56,ACTIVE
RNT00030,EQX0099,SITE007,OP056,2026-06-11,2026-08-10,,60,1434.91,ACTIVE
RNT00031,EQX0085,SITE014,OP035,2026-04-19,2026-05-10,,21,248.84,ACTIVE
RNT00032,EQX0067,SITE006,OP040,2026-05-26,2026-07-10,,45,741.39,ACTIVE
RNT00033,EQX0007,SITE004,OP018,2026-07-17,2026-07-24,,7,1358.14,ACTIVE
RNT00034,EQX0057,SITE015,OP045,2026-05-12,2026-05-15,,3,216.66,ACTIVE
RNT00035,EQX0081,SITE010,OP052,2025-09-03,2025-10-18,,45,381.14,ACTIVE
RNT00036,EQX0071,SITE001,OP036,2026-02-22,2026-02-25,,3,465.37,ACTIVE
RNT00037,EQX0108,SITE015,OP008,2026-04-18,2026-04-21,,3,1002.59,ACTIVE
RNT00038,EQX0020,SITE008,OP060,2025-10-26,2025-11-25,,30,1075.87,ACTIVE
RNT00039,EQX0054,SITE014,OP031,2026-04-29,2026-05-06,,7,760.12,ACTIVE
RNT00040,EQX0019,SITE007,OP013,2026-06-05,2026-07-20,,45,1296.74,ACTIVE
RNT00041,EQX0111,SITE002,OP018,2026-03-01,2026-03-15,,14,1366.5,ACTIVE
RNT00042,EQX0065,SITE005,OP053,2025-01-03,2025-01-17,,14,1102.08,ACTIVE
RNT00043,EQX0108,SITE010,OP038,2026-05-17,2026-07-16,,60,368.72,ACTIVE
RNT00044,EQX0069,SITE008,OP023,2025-12-07,2026-01-06,,30,1148.85,ACTIVE
RNT00045,EQX0049,SITE008,OP060,2025-11-26,2026-01-25,,60,419.59,ACTIVE
RNT00046,EQX0090,SITE004,OP037,2026-01-28,2026-02-04,,7,1267.14,ACTIVE
RNT00047,EQX0053,SITE001,OP021,2026-04-30,2026-06-14,,45,1340.06,ACTIVE
RNT00048,EQX0049,SITE007,OP043,2025-06-05,2025-06-26,,21,1405.33,ACTIVE
RNT00049,EQX0017,SITE009,OP038,2025-12-06,2026-02-04,,60,307.46,ACTIVE
RNT00050,EQX0109,SITE008,OP007,2026-06-23,2026-07-14,,21,199.49,ACTIVE
RNT00051,EQX0019,SITE007,OP056,2025-06-08,2025-06-11,,3,776.25,ACTIVE
RNT00052,EQX0034,SITE006,OP040,2026-02-12,2026-03-29,,45,282.0,ACTIVE
RNT00053,EQX0043,SITE014,OP044,2026-07-01,2026-07-22,,21,1391.76,ACTIVE
RNT00054,EQX0081,SITE012,OP057,2026-05-15,2026-07-14,,60,867.09,ACTIVE
RNT00055,EQX0080,SITE002,OP016,2025-10-22,2025-10-29,,7,1128.39,ACTIVE
RNT00056,EQX0056,SITE002,OP049,2025-04-13,2025-05-04,,21,391.28,ACTIVE
RNT00057,EQX0039,SITE015,OP002,2025-02-17,2025-03-03,,14,1191.1,ACTIVE
RNT00058,EQX0038,SITE006,OP024,2026-03-18,2026-03-25,,7,490.13,ACTIVE
RNT00059,EQX0053,SITE010,OP044,2025-07-04,2025-07-11,,7,402.34,ACTIVE
RNT00060,EQX0079,SITE014,OP025,2025-09-04,2025-09-25,,21,1339.29,ACTIVE
RNT00061,EQX0019,SITE004,OP030,2025-09-18,2025-10-09,,21,504.26,ACTIVE
RNT00062,EQX0002,SITE015,OP052,2026-04-22,2026-05-06,,14,1040.57,ACTIVE
RNT00063,EQX0021,SITE002,OP029,2025-12-20,2026-01-19,,30,559.93,ACTIVE
RNT00064,EQX0055,SITE012,OP017,2026-04-13,2026-06-12,,60,563.69,ACTIVE
RNT00065,EQX0050,SITE014,OP031,2025-04-20,2025-04-27,,7,664.33,ACTIVE
RNT00066,EQX0046,SITE010,OP019,2025-10-30,2025-11-02,,3,1421.99,ACTIVE
RNT00067,EQX0085,SITE007,OP018,2025-01-09,2025-02-08,,30,1278.64,ACTIVE
RNT00068,EQX0100,SITE012,OP004,2026-05-24,2026-07-23,,60,1328.28,ACTIVE
RNT00069,EQX0037,SITE013,OP052,2025-08-24,2025-09-23,,30,1198.45,ACTIVE
RNT00070,EQX0029,SITE011,OP013,2025-09-14,2025-10-29,,45,1139.58,ACTIVE
RNT00071,EQX0099,SITE011,OP044,2025-05-21,2025-07-05,,45,303.4,ACTIVE
RNT00072,EQX0081,SITE011,OP003,2025-11-13,2026-01-12,,60,739.85,ACTIVE
RNT00073,EQX0075,SITE006,OP047,2025-05-15,2025-05-18,,3,1335.23,ACTIVE
RNT00074,EQX0042,SITE012,OP027,2025-06-29,2025-07-06,,7,347.84,ACTIVE
RNT00075,EQX0070,SITE015,OP024,2026-06-28,2026-07-28,,30,1340.13,ACTIVE
RNT00076,EQX0107,SITE003,OP017,2026-05-09,2026-07-08,,60,554.83,ACTIVE
RNT00077,EQX0112,SITE006,OP052,2025-04-28,2025-05-19,,21,1402.87,ACTIVE
RNT00078,EQX0019,SITE013,OP015,2026-02-11,2026-04-12,,60,1201.83,ACTIVE
RNT00079,EQX0047,SITE002,OP051,2026-02-09,2026-02-12,,3,515.86,ACTIVE
RNT00080,EQX0016,SITE008,OP024,2025-09-26,2025-10-26,,30,663.9,ACTIVE
RNT00081,EQX0082,SITE006,OP007,2025-08-28,2025-09-18,2025-09-15,21,966.82,COMPLETED
RNT00082,EQX0072,SITE006,OP059,2025-08-15,2025-09-29,2025-09-27,45,986.96,COMPLETED
RNT00083,EQX0060,SITE015,OP045,2025-11-06,2025-12-21,2025-12-24,45,328.18,OVERDUE_RETURN
RNT00084,EQX0006,SITE001,OP020,2026-05-20,2026-05-23,2026-05-21,3,478.2,COMPLETED
RNT00085,EQX0069,SITE003,OP025,2026-04-10,2026-04-24,2026-04-29,14,712.29,OVERDUE_RETURN
RNT00086,EQX0096,SITE012,OP010,2026-03-01,2026-04-15,2026-04-13,45,1238.79,COMPLETED
RNT00087,EQX0079,SITE007,OP018,2025-02-03,2025-03-20,2025-03-22,45,455.93,OVERDUE_RETURN
RNT00088,EQX0057,SITE004,OP055,2026-01-07,2026-01-10,2026-01-12,3,871.47,OVERDUE_RETURN
RNT00089,EQX0083,SITE006,OP004,2026-02-12,2026-02-26,2026-02-26,14,1409.62,COMPLETED
RNT00090,EQX0109,SITE014,OP030,2025-04-04,2025-05-19,2025-05-19,45,994.96,COMPLETED
RNT00091,EQX0077,SITE001,OP004,2025-12-08,2025-12-15,2025-12-14,7,1179.46,COMPLETED
RNT00092,EQX0027,SITE002,OP054,2026-07-22,2026-07-29,2026-07-29,7,1212.58,COMPLETED
RNT00093,EQX0030,SITE006,OP050,2025-06-01,2025-07-31,2025-07-28,60,532.14,COMPLETED
RNT00094,EQX0019,SITE003,OP035,2025-09-14,2025-11-13,2025-11-12,60,319.61,COMPLETED
RNT00095,EQX0111,SITE001,OP009,2025-01-16,2025-01-30,2025-01-30,14,927.84,COMPLETED
RNT00096,EQX0003,SITE003,OP017,2025-02-23,2025-03-02,2025-03-05,7,848.13,OVERDUE_RETURN
RNT00097,EQX0096,SITE002,OP031,2026-04-05,2026-06-04,2026-06-06,60,831.81,OVERDUE_RETURN
RNT00098,EQX0014,SITE008,OP033,2025-08-15,2025-09-14,2025-09-11,30,1103.6,COMPLETED
RNT00099,EQX0117,SITE014,OP043,2026-06-18,2026-07-02,2026-07-06,14,997.04,OVERDUE_RETURN
RNT00100,EQX0004,SITE001,OP031,2026-02-16,2026-03-09,2026-03-07,21,802.64,COMPLETED
RNT00101,EQX0117,SITE008,OP005,2025-03-24,2025-04-07,2025-04-06,14,263.42,COMPLETED
RNT00102,EQX0036,SITE010,OP041,2026-07-16,2026-08-30,2026-09-01,45,663.75,OVERDUE_RETURN
RNT00103,EQX0077,SITE009,OP019,2026-04-10,2026-05-10,2026-05-13,30,305.96,OVERDUE_RETURN
RNT00104,EQX0090,SITE002,OP055,2026-07-19,2026-09-02,2026-09-02,45,726.19,COMPLETED
RNT00105,EQX0114,SITE004,OP027,2025-12-14,2026-02-12,2026-02-16,60,686.39,OVERDUE_RETURN
RNT00106,EQX0094,SITE002,OP021,2026-03-14,2026-03-28,2026-03-29,14,655.36,OVERDUE_RETURN
RNT00107,EQX0020,SITE011,OP060,2026-05-01,2026-05-04,2026-05-02,3,1236.35,COMPLETED
RNT00108,EQX0012,SITE007,OP007,2026-01-17,2026-03-18,2026-03-17,60,886.59,COMPLETED
RNT00109,EQX0076,SITE009,OP036,2025-12-04,2026-01-18,2026-01-16,45,701.73,COMPLETED
RNT00110,EQX0112,SITE011,OP049,2026-03-10,2026-05-09,2026-05-06,60,1409.87,COMPLETED
RNT00111,EQX0077,SITE005,OP023,2025-04-17,2025-05-17,2025-05-22,30,450.18,OVERDUE_RETURN
RNT00112,EQX0085,SITE008,OP015,2025-04-21,2025-05-05,2025-05-10,14,646.8,OVERDUE_RETURN
RNT00113,EQX0098,SITE005,OP037,2025-08-20,2025-10-19,2025-10-22,60,1253.35,OVERDUE_RETURN
RNT00114,EQX0099,SITE014,OP040,2026-07-25,2026-07-28,2026-07-29,3,216.77,OVERDUE_RETURN
RNT00115,EQX0035,SITE012,OP049,2025-11-13,2025-11-27,2025-11-29,14,187.75,OVERDUE_RETURN
RNT00116,EQX0112,SITE003,OP037,2026-02-15,2026-02-18,2026-02-17,3,1121.03,COMPLETED
RNT00117,EQX0004,SITE002,OP048,2026-06-28,2026-07-05,2026-07-08,7,713.19,OVERDUE_RETURN
RNT00118,EQX0044,SITE003,OP024,2025-11-16,2025-12-31,2026-01-02,45,1166.58,OVERDUE_RETURN
RNT00119,EQX0073,SITE010,OP006,2025-02-23,2025-03-02,2025-03-01,7,1138.13,COMPLETED
RNT00120,EQX0007,SITE011,OP006,2025-10-06,2025-10-27,2025-10-30,21,796.79,OVERDUE_RETURN
RNT00121,EQX0057,SITE007,OP018,2025-08-09,2025-10-08,2025-10-13,60,324.55,OVERDUE_RETURN
RNT00122,EQX0056,SITE002,OP019,2026-05-14,2026-06-13,2026-06-14,30,237.68,OVERDUE_RETURN
RNT00123,EQX0051,SITE010,OP004,2025-01-08,2025-01-15,2025-01-16,7,1380.56,OVERDUE_RETURN
RNT00124,EQX0099,SITE003,OP049,2025-09-19,2025-10-03,2025-10-05,14,332.38,OVERDUE_RETURN
RNT00125,EQX0064,SITE012,OP028,2025-06-29,2025-07-06,2025-07-09,7,856.38,OVERDUE_RETURN
RNT00126,EQX0030,SITE009,OP036,2025-12-29,2026-01-01,2026-01-04,3,1274.44,OVERDUE_RETURN
RNT00127,EQX0006,SITE007,OP002,2026-04-16,2026-04-19,2026-04-21,3,911.21,OVERDUE_RETURN
RNT00128,EQX0074,SITE007,OP046,2026-03-04,2026-03-18,2026-03-16,14,694.39,COMPLETED
RNT00129,EQX0042,SITE003,OP052,2026-04-17,2026-06-16,2026-06-18,60,291.92,OVERDUE_RETURN
RNT00130,EQX0109,SITE002,OP016,2026-03-23,2026-04-22,2026-04-25,30,845.43,OVERDUE_RETURN
RNT00131,EQX0051,SITE014,OP020,2025-12-14,2025-12-21,2025-12-23,7,1169.48,OVERDUE_RETURN
RNT00132,EQX0010,SITE009,OP041,2025-04-27,2025-05-27,2025-06-01,30,426.26,OVERDUE_RETURN
RNT00133,EQX0100,SITE006,OP023,2025-06-01,2025-06-08,2025-06-06,7,365.98,COMPLETED
RNT00134,EQX0026,SITE003,OP039,2025-06-06,2025-08-05,2025-08-03,60,404.98,COMPLETED
RNT00135,EQX0099,SITE011,OP032,2026-04-21,2026-06-20,2026-06-24,60,1045.04,OVERDUE_RETURN
RNT00136,EQX0113,SITE010,OP042,2025-11-27,2026-01-26,2026-01-28,60,371.72,OVERDUE_RETURN
RNT00137,EQX0009,SITE008,OP029,2025-11-07,2026-01-06,2026-01-07,60,931.1,OVERDUE_RETURN
RNT00138,EQX0046,SITE009,OP005,2025-11-14,2025-12-05,2025-12-09,21,227.76,OVERDUE_RETURN
RNT00139,EQX0048,SITE014,OP019,2025-03-20,2025-05-04,2025-05-02,45,961.06,COMPLETED
RNT00140,EQX0065,SITE007,OP030,2026-07-22,2026-09-20,2026-09-17,60,751.16,COMPLETED
RNT00141,EQX0104,SITE010,OP042,2025-07-12,2025-07-26,2025-07-30,14,816.74,OVERDUE_RETURN
RNT00142,EQX0008,SITE008,OP007,2025-12-18,2026-02-01,2026-01-30,45,820.78,COMPLETED
RNT00143,EQX0023,SITE001,OP016,2026-03-25,2026-04-15,2026-04-20,21,843.89,OVERDUE_RETURN
RNT00144,EQX0021,SITE006,OP024,2025-10-17,2025-11-07,2025-11-10,21,1163.57,OVERDUE_RETURN
RNT00145,EQX0087,SITE010,OP004,2025-12-09,2025-12-12,2025-12-14,3,300.02,OVERDUE_RETURN
RNT00146,EQX0087,SITE007,OP019,2025-09-16,2025-10-31,2025-10-30,45,603.37,COMPLETED
RNT00147,EQX0075,SITE011,OP010,2025-12-25,2026-01-08,2026-01-11,14,343.77,OVERDUE_RETURN
RNT00148,EQX0091,SITE002,OP020,2026-01-21,2026-03-07,2026-03-09,45,1212.74,OVERDUE_RETURN
RNT00149,EQX0086,SITE012,OP054,2026-06-24,2026-06-27,2026-06-30,3,825.78,OVERDUE_RETURN
RNT00150,EQX0003,SITE006,OP020,2025-07-04,2025-07-11,2025-07-13,7,1383.54,OVERDUE_RETURN
RNT00151,EQX0063,SITE004,OP015,2025-05-21,2025-05-28,2025-05-26,7,555.66,COMPLETED
RNT00152,EQX0101,SITE002,OP033,2026-07-07,2026-09-05,2026-09-10,60,227.94,OVERDUE_RETURN
RNT00153,EQX0044,SITE015,OP050,2025-05-15,2025-06-14,2025-06-17,30,375.9,OVERDUE_RETURN
RNT00154,EQX0024,SITE014,OP045,2025-06-19,2025-08-03,2025-08-07,45,235.49,OVERDUE_RETURN
RNT00155,EQX0047,SITE011,OP047,2025-09-01,2025-09-22,2025-09-23,21,1135.54,OVERDUE_RETURN
RNT00156,EQX0101,SITE008,OP015,2026-07-01,2026-07-08,2026-07-09,7,1406.31,OVERDUE_RETURN
RNT00157,EQX0101,SITE008,OP058,2025-07-18,2025-08-01,2025-08-05,14,766.33,OVERDUE_RETURN
RNT00158,EQX0037,SITE013,OP025,2026-05-30,2026-06-29,2026-07-02,30,1407.16,OVERDUE_RETURN
RNT00159,EQX0105,SITE004,OP052,2025-05-22,2025-07-21,2025-07-22,60,246.27,OVERDUE_RETURN
RNT00160,EQX0062,SITE014,OP024,2026-07-22,2026-07-25,2026-07-30,3,1260.98,OVERDUE_RETURN
RNT00161,EQX0037,SITE002,OP049,2025-06-14,2025-06-28,2025-07-02,14,1329.74,OVERDUE_RETURN
RNT00162,EQX0019,SITE014,OP028,2025-04-04,2025-04-11,2025-04-15,7,1303.48,OVERDUE_RETURN
RNT00163,EQX0120,SITE001,OP027,2025-02-24,2025-03-17,2025-03-22,21,654.93,OVERDUE_RETURN
RNT00164,EQX0050,SITE002,OP024,2025-08-18,2025-08-21,2025-08-23,3,1362.15,OVERDUE_RETURN
RNT00165,EQX0108,SITE012,OP042,2025-12-10,2026-02-08,2026-02-07,60,354.75,COMPLETED
RNT00166,EQX0037,SITE015,OP054,2026-04-29,2026-06-13,2026-06-12,45,1143.73,COMPLETED
RNT00167,EQX0061,SITE008,OP040,2025-01-06,2025-01-09,2025-01-06,3,505.02,COMPLETED
RNT00168,EQX0107,SITE003,OP036,2026-06-25,2026-07-16,2026-07-14,21,1165.74,COMPLETED
RNT00169,EQX0031,SITE005,OP008,2025-02-18,2025-02-25,2025-02-28,7,991.47,OVERDUE_RETURN
RNT00170,EQX0080,SITE008,OP005,2025-04-24,2025-06-23,2025-06-27,60,937.86,OVERDUE_RETURN
RNT00171,EQX0003,SITE011,OP033,2025-09-05,2025-10-20,2025-10-19,45,549.92,COMPLETED
RNT00172,EQX0001,SITE010,OP023,2025-09-04,2025-10-04,2025-10-07,30,417.89,OVERDUE_RETURN
RNT00173,EQX0086,SITE002,OP034,2026-01-05,2026-01-08,2026-01-13,3,870.98,OVERDUE_RETURN
RNT00174,EQX0101,SITE009,OP036,2025-01-21,2025-02-11,2025-02-15,21,235.29,OVERDUE_RETURN
RNT00175,EQX0050,SITE006,OP017,2025-01-17,2025-01-31,2025-01-29,14,617.9,COMPLETED
RNT00176,EQX0094,SITE011,OP041,2025-04-17,2025-06-16,2025-06-18,60,349.43,OVERDUE_RETURN
RNT00177,EQX0046,SITE009,OP022,2025-06-29,2025-08-28,2025-09-01,60,1425.64,OVERDUE_RETURN
RNT00178,EQX0062,SITE011,OP012,2025-05-19,2025-05-22,2025-05-26,3,226.97,OVERDUE_RETURN
RNT00179,EQX0026,SITE001,OP051,2025-07-24,2025-07-27,2025-07-29,3,1365.38,OVERDUE_RETURN
RNT00180,EQX0066,SITE007,OP053,2026-07-11,2026-08-01,2026-08-02,21,226.51,OVERDUE_RETURN
RNT00181,EQX0083,SITE004,OP019,2026-01-01,2026-03-02,2026-02-27,60,1279.56,COMPLETED
RNT00182,EQX0043,SITE005,OP008,2026-01-12,2026-02-02,2026-02-05,21,1124.0,OVERDUE_RETURN
RNT00183,EQX0115,SITE007,OP022,2025-07-11,2025-08-01,2025-08-05,21,646.53,OVERDUE_RETURN
RNT00184,EQX0103,SITE009,OP018,2025-03-26,2025-05-10,2025-05-13,45,280.24,OVERDUE_RETURN
RNT00185,EQX0078,SITE014,OP012,2026-07-13,2026-07-27,2026-07-29,14,310.3,OVERDUE_RETURN
RNT00186,EQX0042,SITE011,OP019,2025-11-10,2025-12-01,2025-12-04,21,391.64,OVERDUE_RETURN
RNT00187,EQX0057,SITE006,OP029,2025-02-13,2025-03-30,2025-04-01,45,960.86,OVERDUE_RETURN
RNT00188,EQX0056,SITE005,OP041,2025-02-28,2025-03-03,2025-03-06,3,641.41,OVERDUE_RETURN
RNT00189,EQX0103,SITE012,OP044,2025-06-13,2025-06-16,2025-06-15,3,1257.81,COMPLETED
RNT00190,EQX0087,SITE013,OP029,2025-02-05,2025-02-12,2025-02-10,7,479.71,COMPLETED
RNT00191,EQX0083,SITE006,OP024,2026-01-28,2026-02-27,2026-02-24,30,948.47,COMPLETED
RNT00192,EQX0087,SITE008,OP024,2026-01-16,2026-02-06,2026-02-04,21,908.88,COMPLETED
RNT00193,EQX0068,SITE006,OP026,2025-11-18,2026-01-02,2026-01-03,45,497.01,OVERDUE_RETURN
RNT00194,EQX0015,SITE001,OP048,2025-07-10,2025-07-31,2025-08-05,21,671.47,OVERDUE_RETURN
RNT00195,EQX0072,SITE002,OP017,2025-09-24,2025-11-08,2025-11-12,45,452.5,OVERDUE_RETURN
RNT00196,EQX0079,SITE005,OP045,2026-05-18,2026-05-25,2026-05-23,7,352.38,COMPLETED
RNT00197,EQX0010,SITE008,OP012,2026-04-01,2026-04-04,2026-04-06,3,1028.16,OVERDUE_RETURN
RNT00198,EQX0091,SITE002,OP036,2026-07-10,2026-07-24,2026-07-25,14,1261.23,OVERDUE_RETURN
RNT00199,EQX0092,SITE012,OP060,2025-06-28,2025-08-27,2025-08-29,60,826.12,OVERDUE_RETURN
RNT00200,EQX0016,SITE004,OP051,2025-05-23,2025-05-30,2025-06-03,7,213.38,OVERDUE_RETURN
RNT00201,EQX0071,SITE010,OP024,2026-04-24,2026-06-23,2026-06-28,60,344.81,OVERDUE_RETURN
RNT00202,EQX0114,SITE002,OP005,2025-11-13,2025-12-04,2025-12-08,21,847.63,OVERDUE_RETURN
RNT00203,EQX0099,SITE007,OP053,2025-03-17,2025-03-24,2025-03-26,7,995.77,OVERDUE_RETURN
RNT00204,EQX0058,SITE008,OP044,2026-06-14,2026-06-28,2026-06-27,14,1295.01,COMPLETED
RNT00205,EQX0100,SITE009,OP041,2025-07-06,2025-09-04,2025-09-03,60,729.43,COMPLETED
RNT00206,EQX0117,SITE014,OP004,2025-05-08,2025-06-07,2025-06-06,30,566.24,COMPLETED
RNT00207,EQX0021,SITE006,OP060,2025-08-19,2025-09-02,2025-09-07,14,1316.56,OVERDUE_RETURN
RNT00208,EQX0109,SITE002,OP017,2025-07-21,2025-09-04,2025-09-09,45,528.55,OVERDUE_RETURN
RNT00209,EQX0081,SITE005,OP040,2026-07-01,2026-07-04,2026-07-09,3,994.05,OVERDUE_RETURN
RNT00210,EQX0076,SITE010,OP010,2025-06-25,2025-08-09,2025-08-11,45,1250.01,OVERDUE_RETURN
RNT00211,EQX0073,SITE001,OP053,2025-01-30,2025-02-02,2025-01-30,3,1384.65,COMPLETED
RNT00212,EQX0099,SITE010,OP017,2025-08-04,2025-10-03,2025-10-06,60,965.0,OVERDUE_RETURN
RNT00213,EQX0004,SITE008,OP057,2026-07-13,2026-07-27,2026-07-28,14,793.34,OVERDUE_RETURN
RNT00214,EQX0104,SITE013,OP044,2026-02-20,2026-03-06,2026-03-10,14,272.68,OVERDUE_RETURN
RNT00215,EQX0008,SITE003,OP029,2026-03-02,2026-03-23,2026-03-27,21,439.11,OVERDUE_RETURN
RNT00216,EQX0078,SITE003,OP021,2025-11-23,2026-01-07,2026-01-09,45,1418.73,OVERDUE_RETURN
RNT00217,EQX0017,SITE013,OP024,2026-06-12,2026-07-12,2026-07-10,30,585.28,COMPLETED
RNT00218,EQX0060,SITE002,OP018,2026-04-06,2026-04-13,2026-04-12,7,302.95,COMPLETED
RNT00219,EQX0038,SITE007,OP056,2026-03-05,2026-03-12,2026-03-11,7,1213.12,COMPLETED
RNT00220,EQX0120,SITE010,OP047,2025-11-17,2025-11-24,2025-11-23,7,812.8,COMPLETED
RNT00221,EQX0066,SITE008,OP032,2025-11-12,2025-12-03,2025-11-30,21,294.36,COMPLETED
RNT00222,EQX0051,SITE009,OP030,2025-09-04,2025-09-11,2025-09-13,7,241.8,OVERDUE_RETURN
RNT00223,EQX0037,SITE008,OP039,2026-04-27,2026-05-11,2026-05-16,14,190.39,OVERDUE_RETURN
RNT00224,EQX0014,SITE007,OP009,2025-09-28,2025-11-12,2025-11-14,45,1150.1,OVERDUE_RETURN
RNT00225,EQX0047,SITE001,OP026,2025-02-22,2025-03-24,2025-03-29,30,427.21,OVERDUE_RETURN
RNT00226,EQX0071,SITE005,OP005,2026-01-31,2026-03-02,2026-03-06,30,1150.79,OVERDUE_RETURN
RNT00227,EQX0036,SITE014,OP040,2025-05-02,2025-05-09,2025-05-07,7,680.26,COMPLETED
RNT00228,EQX0102,SITE006,OP036,2026-01-10,2026-03-11,2026-03-10,60,432.8,COMPLETED
RNT00229,EQX0066,SITE007,OP033,2025-02-11,2025-02-14,2025-02-11,3,354.04,COMPLETED
RNT00230,EQX0043,SITE013,OP031,2026-06-16,2026-07-07,2026-07-06,21,949.95,COMPLETED
RNT00231,EQX0066,SITE003,OP021,2025-11-23,2025-11-30,2025-12-03,7,1438.08,OVERDUE_RETURN
RNT00232,EQX0095,SITE014,OP020,2025-12-11,2026-01-10,2026-01-15,30,856.07,OVERDUE_RETURN
RNT00233,EQX0091,SITE010,OP020,2026-05-02,2026-07-01,2026-06-28,60,647.81,COMPLETED
RNT00234,EQX0087,SITE002,OP027,2025-11-12,2026-01-11,2026-01-08,60,938.08,COMPLETED
RNT00235,EQX0034,SITE011,OP051,2025-08-22,2025-10-06,2025-10-03,45,921.07,COMPLETED
RNT00236,EQX0022,SITE009,OP041,2026-01-25,2026-02-01,2026-02-01,7,220.09,COMPLETED
RNT00237,EQX0090,SITE002,OP013,2025-01-20,2025-02-10,2025-02-12,21,711.85,OVERDUE_RETURN
RNT00238,EQX0053,SITE012,OP014,2026-02-25,2026-03-27,2026-03-31,30,1288.48,OVERDUE_RETURN
RNT00239,EQX0095,SITE012,OP004,2025-05-22,2025-06-21,2025-06-21,30,892.33,COMPLETED
RNT00240,EQX0085,SITE008,OP034,2026-01-21,2026-02-04,2026-02-03,14,763.77,COMPLETED
RNT00241,EQX0069,SITE006,OP035,2025-12-29,2026-02-12,2026-02-13,45,954.8,OVERDUE_RETURN
RNT00242,EQX0025,SITE004,OP018,2025-11-02,2025-11-09,2025-11-10,7,1159.39,OVERDUE_RETURN
RNT00243,EQX0091,SITE004,OP045,2026-05-16,2026-05-30,2026-06-03,14,622.98,OVERDUE_RETURN
RNT00244,EQX0120,SITE015,OP051,2025-10-08,2025-10-22,2025-10-20,14,908.32,COMPLETED
RNT00245,EQX0070,SITE007,OP058,2026-02-09,2026-04-10,2026-04-12,60,1392.35,OVERDUE_RETURN
RNT00246,EQX0103,SITE003,OP019,2025-02-13,2025-02-27,2025-02-25,14,619.88,COMPLETED
RNT00247,EQX0057,SITE011,OP017,2026-05-06,2026-05-13,2026-05-13,7,1231.5,COMPLETED
RNT00248,EQX0035,SITE015,OP036,2025-10-06,2025-10-13,2025-10-11,7,961.91,COMPLETED
RNT00249,EQX0076,SITE004,OP016,2025-02-21,2025-04-07,2025-04-12,45,466.6,OVERDUE_RETURN
RNT00250,EQX0030,SITE001,OP007,2026-02-28,2026-03-14,2026-03-18,14,307.69,OVERDUE_RETURN
RNT00251,EQX0099,SITE003,OP001,2026-07-18,2026-07-25,2026-07-28,7,1009.17,OVERDUE_RETURN
RNT00252,EQX0113,SITE015,OP031,2026-05-04,2026-06-18,2026-06-18,45,1140.01,COMPLETED
RNT00253,EQX0037,SITE006,OP019,2025-03-02,2025-05-01,2025-04-29,60,1008.42,COMPLETED
RNT00254,EQX0030,SITE009,OP048,2025-02-08,2025-02-15,2025-02-18,7,1300.45,OVERDUE_RETURN
RNT00255,EQX0023,SITE015,OP059,2025-02-07,2025-04-08,2025-04-11,60,1180.71,OVERDUE_RETURN
RNT00256,EQX0024,SITE015,OP048,2025-10-24,2025-10-27,2025-10-24,3,558.96,COMPLETED
RNT00257,EQX0078,SITE002,OP060,2025-12-10,2025-12-24,2025-12-28,14,1436.16,OVERDUE_RETURN
RNT00258,EQX0070,SITE009,OP032,2025-05-18,2025-07-17,2025-07-22,60,774.39,OVERDUE_RETURN
RNT00259,EQX0025,SITE013,OP008,2025-12-05,2025-12-12,2025-12-16,7,1003.32,OVERDUE_RETURN
RNT00260,EQX0092,SITE003,OP001,2025-12-12,2026-02-10,2026-02-11,60,901.08,OVERDUE_RETURN
RNT00261,EQX0097,SITE004,OP012,2026-02-20,2026-04-21,2026-04-24,60,834.41,OVERDUE_RETURN
RNT00262,EQX0012,SITE007,OP043,2025-04-08,2025-04-15,2025-04-14,7,786.37,COMPLETED
RNT00263,EQX0120,SITE004,OP001,2025-09-25,2025-10-16,2025-10-16,21,747.35,COMPLETED
RNT00264,EQX0035,SITE006,OP020,2025-01-12,2025-01-26,2025-01-28,14,1059.82,OVERDUE_RETURN
RNT00265,EQX0008,SITE011,OP008,2026-04-22,2026-05-06,2026-05-05,14,694.88,COMPLETED
RNT00266,EQX0065,SITE015,OP058,2025-11-15,2025-12-30,2025-12-28,45,991.16,COMPLETED
RNT00267,EQX0038,SITE006,OP040,2025-08-15,2025-08-22,2025-08-21,7,787.29,COMPLETED
RNT00268,EQX0059,SITE012,OP039,2026-01-18,2026-02-08,2026-02-13,21,1339.25,OVERDUE_RETURN
RNT00269,EQX0097,SITE009,OP052,2025-08-12,2025-10-11,2025-10-11,60,1044.03,COMPLETED
RNT00270,EQX0077,SITE014,OP051,2025-03-25,2025-04-24,2025-04-28,30,850.78,OVERDUE_RETURN
RNT00271,EQX0047,SITE002,OP059,2025-04-25,2025-04-28,2025-05-03,3,1326.67,OVERDUE_RETURN
RNT00272,EQX0026,SITE010,OP035,2025-06-03,2025-06-10,2025-06-12,7,1265.2,OVERDUE_RETURN
RNT00273,EQX0057,SITE002,OP044,2025-07-30,2025-09-13,2025-09-17,45,295.5,OVERDUE_RETURN
RNT00274,EQX0066,SITE008,OP052,2025-02-26,2025-03-19,2025-03-18,21,831.82,COMPLETED
RNT00275,EQX0059,SITE010,OP004,2026-04-19,2026-06-03,2026-06-04,45,1098.57,OVERDUE_RETURN
RNT00276,EQX0051,SITE005,OP053,2025-01-04,2025-02-18,2025-02-18,45,914.46,COMPLETED
RNT00277,EQX0006,SITE007,OP023,2025-03-07,2025-04-06,2025-04-03,30,1366.92,COMPLETED
RNT00278,EQX0009,SITE015,OP031,2025-02-02,2025-02-16,2025-02-19,14,408.58,OVERDUE_RETURN
RNT00279,EQX0018,SITE013,OP042,2026-03-07,2026-03-21,2026-03-24,14,749.64,OVERDUE_RETURN
RNT00280,EQX0118,SITE015,OP025,2026-01-20,2026-01-23,2026-01-28,3,348.9,OVERDUE_RETURN
RNT00281,EQX0111,SITE006,OP008,2025-07-02,2025-08-01,2025-08-04,30,851.63,OVERDUE_RETURN
RNT00282,EQX0094,SITE004,OP054,2025-01-04,2025-03-05,2025-03-02,60,1422.68,COMPLETED
RNT00283,EQX0060,SITE011,OP047,2026-07-12,2026-08-02,2026-08-07,21,661.68,OVERDUE_RETURN
RNT00284,EQX0030,SITE004,OP030,2025-12-21,2025-12-28,2025-12-29,7,419.37,OVERDUE_RETURN
RNT00285,EQX0113,SITE012,OP049,2025-04-26,2025-04-29,2025-05-02,3,960.95,OVERDUE_RETURN
RNT00286,EQX0120,SITE015,OP057,2025-01-17,2025-01-24,2025-01-24,7,265.46,COMPLETED
RNT00287,EQX0077,SITE001,OP029,2025-02-19,2025-02-26,2025-02-23,7,690.88,COMPLETED
RNT00288,EQX0030,SITE009,OP014,2025-02-27,2025-03-06,2025-03-11,7,1441.72,OVERDUE_RETURN
RNT00289,EQX0030,SITE014,OP059,2025-11-23,2025-12-23,2025-12-25,30,480.87,OVERDUE_RETURN
RNT00290,EQX0113,SITE003,OP043,2026-06-18,2026-06-25,2026-06-28,7,561.64,OVERDUE_RETURN
RNT00291,EQX0008,SITE009,OP038,2025-06-29,2025-08-13,2025-08-16,45,885.93,OVERDUE_RETURN
RNT00292,EQX0007,SITE006,OP042,2026-01-26,2026-03-27,2026-04-01,60,584.79,OVERDUE_RETURN
RNT00293,EQX0054,SITE007,OP010,2025-11-04,2025-11-25,2025-11-24,21,1138.11,COMPLETED
RNT00294,EQX0061,SITE004,OP055,2025-08-19,2025-09-02,2025-09-01,14,1203.34,COMPLETED
RNT00295,EQX0118,SITE001,OP036,2026-02-27,2026-03-20,2026-03-25,21,853.09,OVERDUE_RETURN
RNT00296,EQX0050,SITE004,OP017,2025-07-28,2025-08-11,2025-08-09,14,1351.23,COMPLETED
RNT00297,EQX0109,SITE006,OP006,2026-07-03,2026-08-17,2026-08-17,45,245.45,COMPLETED
RNT00298,EQX0049,SITE011,OP039,2025-02-10,2025-04-11,2025-04-09,60,418.97,COMPLETED
RNT00299,EQX0098,SITE010,OP047,2025-08-11,2025-09-01,2025-09-01,21,1284.23,COMPLETED
RNT00300,EQX0043,SITE005,OP059,2025-01-16,2025-01-23,2025-01-23,7,1401.84,COMPLETED
RNT00301,EQX0016,SITE012,OP049,2026-05-06,2026-05-13,2026-05-13,7,683.72,COMPLETED
RNT00302,EQX0031,SITE009,OP021,2025-10-17,2025-11-07,2025-11-11,21,857.74,OVERDUE_RETURN
RNT00303,EQX0046,SITE005,OP017,2026-01-04,2026-02-03,2026-02-07,30,771.83,OVERDUE_RETURN
RNT00304,EQX0103,SITE012,OP031,2025-11-24,2025-12-01,2025-12-03,7,577.41,OVERDUE_RETURN
RNT00305,EQX0006,SITE010,OP056,2025-08-15,2025-09-29,2025-09-28,45,200.6,COMPLETED
RNT00306,EQX0071,SITE015,OP038,2026-03-04,2026-03-18,2026-03-17,14,429.16,COMPLETED
RNT00307,EQX0030,SITE007,OP037,2025-09-09,2025-09-30,2025-10-05,21,1011.35,OVERDUE_RETURN
RNT00308,EQX0088,SITE006,OP017,2026-05-16,2026-06-30,2026-07-04,45,765.25,OVERDUE_RETURN
RNT00309,EQX0094,SITE013,OP023,2025-06-23,2025-06-30,2025-07-05,7,800.16,OVERDUE_RETURN
RNT00310,EQX0118,SITE015,OP035,2025-03-02,2025-04-01,2025-03-29,30,1245.62,COMPLETED
RNT00311,EQX0010,SITE014,OP043,2025-02-19,2025-04-20,2025-04-17,60,703.74,COMPLETED
RNT00312,EQX0108,SITE011,OP015,2025-03-11,2025-04-25,2025-04-24,45,191.61,COMPLETED
RNT00313,EQX0065,SITE008,OP024,2025-03-03,2025-04-02,2025-04-06,30,1017.29,OVERDUE_RETURN
RNT00314,EQX0003,SITE001,OP035,2026-07-19,2026-08-09,2026-08-06,21,201.24,COMPLETED
RNT00315,EQX0093,SITE005,OP035,2025-10-21,2025-10-24,2025-10-29,3,1212.71,OVERDUE_RETURN
RNT00316,EQX0087,SITE007,OP052,2025-07-03,2025-07-06,2025-07-04,3,845.97,COMPLETED
RNT00317,EQX0031,SITE004,OP040,2026-06-24,2026-07-08,2026-07-10,14,519.5,OVERDUE_RETURN
RNT00318,EQX0051,SITE002,OP024,2026-02-20,2026-03-13,2026-03-13,21,1437.6,COMPLETED
RNT00319,EQX0029,SITE005,OP044,2025-03-24,2025-05-08,2025-05-05,45,298.75,COMPLETED
RNT00320,EQX0049,SITE007,OP036,2026-05-03,2026-05-06,2026-05-03,3,1072.61,COMPLETED
RNT00321,EQX0011,SITE008,OP055,2026-03-21,2026-05-05,2026-05-07,45,898.64,OVERDUE_RETURN
RNT00322,EQX0110,SITE002,OP058,2026-06-25,2026-06-28,2026-06-28,3,448.5,COMPLETED
RNT00323,EQX0112,SITE012,OP057,2026-05-02,2026-05-16,2026-05-13,14,1353.68,COMPLETED
RNT00324,EQX0088,SITE015,OP018,2026-07-11,2026-08-10,2026-08-07,30,407.78,COMPLETED
RNT00325,EQX0109,SITE006,OP002,2025-08-01,2025-08-31,2025-08-30,30,1135.36,COMPLETED
RNT00326,EQX0092,SITE014,OP026,2025-03-20,2025-04-03,2025-04-02,14,896.23,COMPLETED
RNT00327,EQX0073,SITE014,OP055,2026-02-03,2026-03-20,2026-03-25,45,601.3,OVERDUE_RETURN
RNT00328,EQX0097,SITE012,OP009,2025-03-22,2025-04-21,2025-04-23,30,248.19,OVERDUE_RETURN
RNT00329,EQX0056,SITE004,OP054,2025-03-19,2025-04-02,2025-04-05,14,1410.53,OVERDUE_RETURN
RNT00330,EQX0042,SITE001,OP041,2025-10-07,2025-12-06,2025-12-10,60,803.07,OVERDUE_RETURN
RNT00331,EQX0046,SITE009,OP025,2026-03-19,2026-03-26,2026-03-29,7,288.83,OVERDUE_RETURN
RNT00332,EQX0080,SITE005,OP052,2025-09-10,2025-10-25,2025-10-23,45,284.19,COMPLETED
RNT00333,EQX0020,SITE007,OP046,2025-06-07,2025-07-22,2025-07-25,45,582.18,OVERDUE_RETURN
RNT00334,EQX0014,SITE002,OP001,2025-11-12,2025-12-03,2025-12-05,21,1146.91,OVERDUE_RETURN
RNT00335,EQX0014,SITE003,OP006,2025-07-11,2025-08-01,2025-08-05,21,887.37,OVERDUE_RETURN
RNT00336,EQX0066,SITE007,OP007,2025-01-27,2025-01-30,2025-02-01,3,883.86,OVERDUE_RETURN
RNT00337,EQX0077,SITE010,OP051,2025-11-29,2026-01-28,2026-01-31,60,195.67,OVERDUE_RETURN
RNT00338,EQX0053,SITE007,OP050,2025-03-28,2025-05-12,2025-05-17,45,1329.61,OVERDUE_RETURN
RNT00339,EQX0032,SITE010,OP034,2025-06-23,2025-08-07,2025-08-10,45,395.27,OVERDUE_RETURN
RNT00340,EQX0035,SITE005,OP018,2026-05-20,2026-05-27,2026-05-25,7,392.35,COMPLETED
RNT00341,EQX0036,SITE007,OP020,2026-05-11,2026-07-10,2026-07-08,60,638.63,COMPLETED
RNT00342,EQX0032,SITE012,OP041,2026-05-23,2026-06-22,2026-06-22,30,761.48,COMPLETED
RNT00343,EQX0018,SITE005,OP001,2026-02-10,2026-02-24,2026-02-27,14,1201.18,OVERDUE_RETURN
RNT00344,EQX0043,SITE008,OP022,2026-03-17,2026-05-16,2026-05-15,60,561.55,COMPLETED
RNT00345,EQX0078,SITE012,OP013,2026-05-06,2026-05-20,2026-05-19,14,1405.01,COMPLETED
RNT00346,EQX0041,SITE005,OP048,2026-05-18,2026-06-17,2026-06-17,30,593.88,COMPLETED
RNT00347,EQX0036,SITE014,OP051,2026-02-07,2026-02-21,2026-02-19,14,1363.73,COMPLETED
RNT00348,EQX0026,SITE010,OP035,2025-07-04,2025-08-18,2025-08-23,45,214.18,OVERDUE_RETURN
RNT00349,EQX0094,SITE008,OP046,2025-08-03,2025-08-24,2025-08-25,21,1235.73,OVERDUE_RETURN
RNT00350,EQX0009,SITE014,OP055,2026-02-23,2026-04-09,2026-04-13,45,356.76,OVERDUE_RETURN
RNT00351,EQX0039,SITE004,OP017,2025-06-07,2025-07-22,2025-07-25,45,1182.13,OVERDUE_RETURN
RNT00352,EQX0010,SITE008,OP039,2026-05-06,2026-06-05,2026-06-08,30,858.65,OVERDUE_RETURN
RNT00353,EQX0119,SITE015,OP056,2026-03-05,2026-04-04,2026-04-01,30,1184.22,COMPLETED
RNT00354,EQX0047,SITE012,OP058,2026-07-04,2026-08-03,2026-08-01,30,318.9,COMPLETED
RNT00355,EQX0032,SITE011,OP043,2025-12-30,2026-01-06,2026-01-03,7,895.29,COMPLETED
RNT00356,EQX0083,SITE011,OP042,2026-02-14,2026-04-15,2026-04-17,60,1406.46,OVERDUE_RETURN
RNT00357,EQX0056,SITE002,OP001,2025-04-11,2025-04-25,2025-04-25,14,828.56,COMPLETED
RNT00358,EQX0067,SITE009,OP038,2025-08-15,2025-09-05,2025-09-07,21,676.74,OVERDUE_RETURN
RNT00359,EQX0099,SITE011,OP038,2026-05-28,2026-06-04,2026-06-06,7,1447.08,OVERDUE_RETURN
RNT00360,EQX0062,SITE002,OP019,2026-03-02,2026-03-05,2026-03-03,3,1235.77,COMPLETED
RNT00361,EQX0094,SITE003,OP023,2025-11-16,2025-11-30,2025-12-04,14,1176.02,OVERDUE_RETURN
RNT00362,EQX0067,SITE008,OP023,2026-05-03,2026-05-06,2026-05-10,3,1096.93,OVERDUE_RETURN
RNT00363,EQX0058,SITE006,OP005,2025-11-04,2025-11-07,2025-11-05,3,208.68,COMPLETED
RNT00364,EQX0044,SITE011,OP007,2025-06-18,2025-08-02,2025-08-02,45,835.31,COMPLETED
RNT00365,EQX0071,SITE003,OP022,2026-03-13,2026-04-03,2026-04-03,21,1193.15,COMPLETED
RNT00366,EQX0081,SITE003,OP012,2026-03-19,2026-04-09,2026-04-06,21,1116.48,COMPLETED
RNT00367,EQX0114,SITE004,OP029,2026-03-16,2026-04-06,2026-04-03,21,1075.01,COMPLETED
RNT00368,EQX0027,SITE005,OP049,2025-03-06,2025-04-05,2025-04-03,30,1195.37,COMPLETED
RNT00369,EQX0069,SITE003,OP024,2025-11-30,2025-12-07,2025-12-11,7,324.72,OVERDUE_RETURN
RNT00370,EQX0086,SITE014,OP032,2026-06-25,2026-08-09,2026-08-11,45,938.15,OVERDUE_RETURN
RNT00371,EQX0079,SITE007,OP038,2025-04-27,2025-05-11,2025-05-13,14,1253.81,OVERDUE_RETURN
RNT00372,EQX0080,SITE003,OP053,2025-11-01,2025-12-01,2025-11-29,30,1033.58,COMPLETED
RNT00373,EQX0041,SITE002,OP016,2025-11-09,2025-11-12,2025-11-11,3,654.1,COMPLETED
RNT00374,EQX0019,SITE009,OP025,2026-03-05,2026-04-04,2026-04-03,30,910.0,COMPLETED
RNT00375,EQX0055,SITE003,OP032,2026-07-05,2026-08-19,2026-08-18,45,884.74,COMPLETED
RNT00376,EQX0063,SITE005,OP009,2025-07-11,2025-07-25,2025-07-29,14,966.65,OVERDUE_RETURN
RNT00377,EQX0111,SITE006,OP001,2026-05-12,2026-05-19,2026-05-19,7,1215.32,COMPLETED
RNT00378,EQX0072,SITE009,OP042,2026-05-22,2026-06-12,2026-06-16,21,707.85,OVERDUE_RETURN
RNT00379,EQX0108,SITE008,OP032,2025-06-21,2025-06-24,2025-06-21,3,1190.77,COMPLETED
RNT00380,EQX0029,SITE005,OP003,2025-10-09,2025-10-16,2025-10-21,7,546.61,OVERDUE_RETURN
RNT00381,EQX0100,SITE008,OP037,2026-05-23,2026-06-22,2026-06-27,30,323.78,OVERDUE_RETURN
RNT00382,EQX0015,SITE005,OP050,2026-07-11,2026-09-09,2026-09-11,60,868.4,OVERDUE_RETURN
RNT00383,EQX0097,SITE001,OP049,2026-03-28,2026-04-27,2026-04-27,30,1437.02,COMPLETED
RNT00384,EQX0014,SITE012,OP054,2025-09-11,2025-09-25,2025-09-22,14,751.16,COMPLETED
RNT00385,EQX0045,SITE014,OP053,2025-03-31,2025-04-21,2025-04-19,21,1165.05,COMPLETED
RNT00386,EQX0031,SITE004,OP052,2025-12-26,2026-02-24,2026-02-27,60,390.8,OVERDUE_RETURN
RNT00387,EQX0018,SITE013,OP014,2025-07-31,2025-09-29,2025-09-26,60,903.99,COMPLETED
RNT00388,EQX0069,SITE005,OP039,2026-07-06,2026-07-13,2026-07-15,7,1423.33,OVERDUE_RETURN
RNT00389,EQX0038,SITE005,OP037,2025-10-01,2025-11-30,2025-12-05,60,1431.57,OVERDUE_RETURN
RNT00390,EQX0087,SITE014,OP007,2025-05-19,2025-07-18,2025-07-21,60,1346.84,OVERDUE_RETURN
RNT00391,EQX0036,SITE014,OP042,2025-05-10,2025-06-24,2025-06-23,45,497.09,COMPLETED
RNT00392,EQX0092,SITE006,OP054,2025-09-11,2025-11-10,2025-11-13,60,801.61,OVERDUE_RETURN
RNT00393,EQX0074,SITE011,OP018,2026-03-01,2026-03-22,2026-03-26,21,275.91,OVERDUE_RETURN
RNT00394,EQX0102,SITE015,OP050,2025-04-06,2025-04-27,2025-05-02,21,1132.25,OVERDUE_RETURN
RNT00395,EQX0089,SITE015,OP057,2026-01-13,2026-02-03,2026-02-07,21,595.66,OVERDUE_RETURN
RNT00396,EQX0001,SITE014,OP050,2025-04-06,2025-05-21,2025-05-25,45,986.25,OVERDUE_RETURN
RNT00397,EQX0090,SITE006,OP055,2025-03-06,2025-05-05,2025-05-10,60,685.1,OVERDUE_RETURN
RNT00398,EQX0055,SITE014,OP014,2026-05-22,2026-06-05,2026-06-07,14,1232.0,OVERDUE_RETURN
RNT00399,EQX0044,SITE009,OP037,2025-05-14,2025-06-13,2025-06-17,30,1181.15,OVERDUE_RETURN
RNT00400,EQX0115,SITE011,OP049,2025-02-19,2025-02-22,2025-02-20,3,975.25,COMPLETED
RNT00401,EQX0108,SITE008,OP002,2025-05-08,2025-07-07,2025-07-06,60,740.43,COMPLETED
RNT00402,EQX0001,SITE007,OP013,2025-05-16,2025-06-30,2025-07-01,45,381.9,OVERDUE_RETURN
RNT00403,EQX0120,SITE015,OP018,2025-04-06,2025-05-21,2025-05-23,45,497.99,OVERDUE_RETURN
RNT00404,EQX0048,SITE011,OP058,2025-06-19,2025-06-22,2025-06-25,3,974.52,OVERDUE_RETURN
RNT00405,EQX0093,SITE012,OP049,2025-08-28,2025-09-18,2025-09-16,21,1073.7,COMPLETED
RNT00406,EQX0001,SITE004,OP031,2025-03-21,2025-03-28,2025-03-28,7,839.69,COMPLETED
RNT00407,EQX0057,SITE001,OP001,2025-12-18,2026-02-16,2026-02-14,60,1434.96,COMPLETED
RNT00408,EQX0055,SITE012,OP009,2026-05-05,2026-05-08,2026-05-08,3,666.5,COMPLETED
RNT00409,EQX0094,SITE013,OP007,2025-04-16,2025-04-30,2025-05-02,14,1298.86,OVERDUE_RETURN
RNT00410,EQX0018,SITE007,OP050,2025-05-17,2025-07-01,2025-06-30,45,266.88,COMPLETED
RNT00411,EQX0073,SITE001,OP040,2025-06-18,2025-07-09,2025-07-11,21,1097.49,OVERDUE_RETURN
RNT00412,EQX0081,SITE012,OP010,2026-02-26,2026-03-28,2026-04-01,30,1272.15,OVERDUE_RETURN
RNT00413,EQX0012,SITE015,OP007,2025-05-24,2025-07-23,2025-07-21,60,928.76,COMPLETED
RNT00414,EQX0050,SITE006,OP028,2025-11-19,2026-01-18,2026-01-17,60,494.69,COMPLETED
RNT00415,EQX0083,SITE002,OP016,2026-07-21,2026-08-20,2026-08-21,30,1169.29,OVERDUE_RETURN
RNT00416,EQX0089,SITE001,OP055,2025-11-05,2025-11-12,2025-11-17,7,950.8,OVERDUE_RETURN
RNT00417,EQX0025,SITE012,OP026,2025-10-30,2025-12-14,2025-12-11,45,1175.43,COMPLETED
RNT00418,EQX0102,SITE004,OP032,2026-01-31,2026-02-03,2026-02-03,3,814.47,COMPLETED
RNT00419,EQX0077,SITE002,OP034,2025-01-13,2025-01-27,2025-01-29,14,347.62,OVERDUE_RETURN
RNT00420,EQX0111,SITE014,OP037,2026-03-07,2026-03-21,2026-03-26,14,1047.34,OVERDUE_RETURN
RNT00421,EQX0098,SITE008,OP050,2025-03-16,2025-03-19,2025-03-17,3,197.52,COMPLETED
RNT00422,EQX0028,SITE001,OP060,2025-03-03,2025-05-02,2025-05-05,60,823.4,OVERDUE_RETURN
RNT00423,EQX0081,SITE012,OP033,2026-03-02,2026-03-23,2026-03-26,21,284.68,OVERDUE_RETURN
RNT00424,EQX0069,SITE009,OP040,2025-06-06,2025-06-20,2025-06-18,14,573.58,COMPLETED
RNT00425,EQX0066,SITE015,OP014,2025-06-09,2025-07-09,2025-07-11,30,676.23,OVERDUE_RETURN
RNT00426,EQX0082,SITE013,OP054,2025-03-09,2025-03-23,2025-03-26,14,1107.05,OVERDUE_RETURN
RNT00427,EQX0109,SITE004,OP004,2025-09-08,2025-09-11,2025-09-14,3,327.3,OVERDUE_RETURN
RNT00428,EQX0079,SITE010,OP004,2025-11-13,2025-12-28,2025-12-27,45,331.69,COMPLETED
RNT00429,EQX0091,SITE003,OP045,2025-01-12,2025-01-19,2025-01-23,7,1390.33,OVERDUE_RETURN
RNT00430,EQX0067,SITE009,OP051,2025-09-23,2025-09-30,2025-10-02,7,341.2,OVERDUE_RETURN
RNT00431,EQX0100,SITE014,OP018,2025-05-01,2025-06-30,2025-06-27,60,605.46,COMPLETED
RNT00432,EQX0055,SITE005,OP034,2025-03-07,2025-03-21,2025-03-19,14,810.11,COMPLETED
RNT00433,EQX0066,SITE006,OP004,2026-05-27,2026-07-26,2026-07-25,60,646.96,COMPLETED
RNT00434,EQX0033,SITE013,OP007,2025-04-29,2025-05-06,2025-05-11,7,183.26,OVERDUE_RETURN
RNT00435,EQX0110,SITE014,OP001,2025-09-08,2025-09-11,2025-09-15,3,642.25,OVERDUE_RETURN
RNT00436,EQX0118,SITE003,OP012,2025-02-06,2025-03-08,2025-03-11,30,465.13,OVERDUE_RETURN
RNT00437,EQX0032,SITE007,OP059,2025-11-24,2025-12-08,2025-12-06,14,905.85,COMPLETED
RNT00438,EQX0016,SITE009,OP044,2025-02-23,2025-03-02,2025-03-02,7,1201.51,COMPLETED
RNT00439,EQX0006,SITE007,OP005,2026-04-22,2026-06-21,2026-06-22,60,1162.38,OVERDUE_RETURN
RNT00440,EQX0040,SITE006,OP006,2026-07-21,2026-08-11,2026-08-08,21,648.53,COMPLETED
RNT00441,EQX0038,SITE010,OP051,2025-11-08,2025-12-23,2025-12-23,45,769.19,COMPLETED
RNT00442,EQX0076,SITE008,OP050,2025-07-20,2025-09-03,2025-09-08,45,1145.81,OVERDUE_RETURN
RNT00443,EQX0032,SITE003,OP001,2026-02-24,2026-02-27,2026-02-27,3,867.76,COMPLETED
RNT00444,EQX0082,SITE014,OP045,2025-01-10,2025-01-24,2025-01-21,14,1143.84,COMPLETED
RNT00445,EQX0049,SITE014,OP048,2025-11-11,2025-11-14,2025-11-14,3,852.86,COMPLETED
RNT00446,EQX0031,SITE007,OP032,2025-03-03,2025-03-10,2025-03-11,7,298.14,OVERDUE_RETURN
RNT00447,EQX0118,SITE004,OP058,2026-06-17,2026-07-08,2026-07-10,21,762.24,OVERDUE_RETURN
RNT00448,EQX0096,SITE002,OP038,2025-04-08,2025-05-08,2025-05-07,30,989.26,COMPLETED
RNT00449,EQX0051,SITE002,OP038,2025-03-05,2025-03-26,2025-03-25,21,480.7,COMPLETED
RNT00450,EQX0034,SITE014,OP021,2026-02-07,2026-03-24,2026-03-26,45,583.93,OVERDUE_RETURN
RNT00451,EQX0035,SITE004,OP005,2025-07-27,2025-08-03,2025-08-01,7,377.37,COMPLETED
RNT00452,EQX0022,SITE008,OP030,2025-11-18,2025-12-09,2025-12-07,21,860.62,COMPLETED
RNT00453,EQX0099,SITE004,OP029,2025-11-12,2025-12-03,2025-12-04,21,1262.65,OVERDUE_RETURN
RNT00454,EQX0012,SITE003,OP052,2025-11-08,2026-01-07,2026-01-04,60,453.08,COMPLETED
RNT00455,EQX0110,SITE006,OP010,2025-04-04,2025-05-19,2025-05-19,45,1409.87,COMPLETED
RNT00456,EQX0051,SITE009,OP004,2025-11-03,2025-11-17,2025-11-16,14,219.47,COMPLETED
RNT00457,EQX0052,SITE014,OP029,2026-07-24,2026-09-07,2026-09-12,45,497.31,OVERDUE_RETURN
RNT00458,EQX0060,SITE002,OP052,2025-05-24,2025-05-27,2025-05-24,3,258.32,COMPLETED
RNT00459,EQX0100,SITE004,OP009,2025-07-22,2025-09-20,2025-09-23,60,652.74,OVERDUE_RETURN
RNT00460,EQX0081,SITE011,OP006,2025-09-23,2025-11-22,2025-11-20,60,207.69,COMPLETED
RNT00461,EQX0009,SITE004,OP058,2026-03-31,2026-05-30,2026-05-29,60,296.81,COMPLETED
RNT00462,EQX0109,SITE014,OP052,2025-12-06,2025-12-09,2025-12-06,3,1376.7,COMPLETED
RNT00463,EQX0007,SITE003,OP060,2026-03-20,2026-05-19,2026-05-22,60,810.08,OVERDUE_RETURN
RNT00464,EQX0049,SITE011,OP028,2025-06-26,2025-07-10,2025-07-10,14,1333.55,COMPLETED
RNT00465,EQX0036,SITE005,OP029,2025-06-02,2025-06-05,2025-06-05,3,1002.04,COMPLETED
RNT00466,EQX0064,SITE007,OP057,2026-07-18,2026-08-08,2026-08-05,21,291.41,COMPLETED
RNT00467,EQX0050,SITE003,OP027,2025-07-24,2025-09-07,2025-09-12,45,496.42,OVERDUE_RETURN
RNT00468,EQX0103,SITE009,OP051,2025-01-20,2025-02-10,2025-02-12,21,789.2,OVERDUE_RETURN
RNT00469,EQX0101,SITE008,OP023,2026-05-30,2026-06-13,2026-06-16,14,523.45,OVERDUE_RETURN
RNT00470,EQX0004,SITE006,OP039,2025-08-13,2025-08-16,2025-08-17,3,254.41,OVERDUE_RETURN
RNT00471,EQX0061,SITE009,OP023,2025-08-27,2025-09-03,2025-09-01,7,494.78,COMPLETED
RNT00472,EQX0031,SITE005,OP035,2025-02-27,2025-04-28,2025-04-28,60,911.13,COMPLETED
RNT00473,EQX0103,SITE007,OP023,2025-06-27,2025-07-04,2025-07-04,7,932.5,COMPLETED
RNT00474,EQX0104,SITE012,OP045,2026-01-03,2026-02-02,2026-01-30,30,1073.39,COMPLETED
RNT00475,EQX0046,SITE010,OP037,2025-05-26,2025-06-25,2025-06-25,30,1242.6,COMPLETED
RNT00476,EQX0104,SITE015,OP032,2026-07-10,2026-07-24,2026-07-23,14,802.85,COMPLETED
RNT00477,EQX0012,SITE001,OP015,2025-08-13,2025-08-16,2025-08-21,3,787.05,OVERDUE_RETURN
RNT00478,EQX0043,SITE015,OP040,2025-07-26,2025-09-24,2025-09-23,60,612.76,COMPLETED
RNT00479,EQX0023,SITE015,OP052,2025-11-28,2025-12-01,2025-11-28,3,367.59,COMPLETED
RNT00480,EQX0091,SITE015,OP010,2025-04-24,2025-06-23,2025-06-28,60,1273.05,OVERDUE_RETURN
RNT00481,EQX0010,SITE006,OP046,2026-02-10,2026-03-12,2026-03-10,30,607.43,COMPLETED
RNT00482,EQX0042,SITE003,OP011,2026-03-24,2026-05-23,2026-05-27,60,1004.46,OVERDUE_RETURN
RNT00483,EQX0023,SITE012,OP036,2026-01-01,2026-01-08,2026-01-07,7,660.55,COMPLETED
RNT00484,EQX0094,SITE012,OP019,2025-05-11,2025-05-18,2025-05-15,7,1384.96,COMPLETED
RNT00485,EQX0074,SITE007,OP055,2025-02-03,2025-02-10,2025-02-12,7,1349.72,OVERDUE_RETURN
RNT00486,EQX0079,SITE004,OP041,2025-04-17,2025-05-08,2025-05-07,21,600.58,COMPLETED
RNT00487,EQX0010,SITE004,OP023,2025-11-24,2025-12-01,2025-11-29,7,1223.51,COMPLETED
RNT00488,EQX0086,SITE011,OP047,2025-12-10,2025-12-31,2025-12-28,21,516.82,COMPLETED
RNT00489,EQX0032,SITE012,OP005,2025-12-25,2026-01-08,2026-01-06,14,1094.93,COMPLETED
RNT00490,EQX0007,SITE007,OP029,2026-03-06,2026-03-13,2026-03-16,7,806.21,OVERDUE_RETURN
RNT00491,EQX0049,SITE006,OP035,2026-01-20,2026-01-23,2026-01-27,3,1181.69,OVERDUE_RETURN
RNT00492,EQX0074,SITE011,OP049,2025-08-19,2025-08-26,2025-08-30,7,273.61,OVERDUE_RETURN
RNT00493,EQX0109,SITE001,OP019,2025-01-21,2025-02-04,2025-02-05,14,1388.61,OVERDUE_RETURN
RNT00494,EQX0010,SITE006,OP011,2026-01-20,2026-01-27,2026-01-25,7,874.75,COMPLETED
RNT00495,EQX0115,SITE002,OP022,2026-05-10,2026-06-24,2026-06-21,45,727.78,COMPLETED
RNT00496,EQX0084,SITE003,OP039,2026-03-21,2026-03-28,2026-03-25,7,308.6,COMPLETED
RNT00497,EQX0027,SITE004,OP027,2026-07-22,2026-09-05,2026-09-10,45,516.89,OVERDUE_RETURN
RNT00498,EQX0037,SITE005,OP016,2025-04-09,2025-04-12,2025-04-15,3,906.15,OVERDUE_RETURN
RNT00499,EQX0108,SITE008,OP010,2025-02-25,2025-03-11,2025-03-08,14,723.06,COMPLETED
RNT00500,EQX0038,SITE014,OP043,2026-05-07,2026-05-14,2026-05-12,7,212.68,COMPLETED
RNT00501,EQX0022,SITE011,OP019,2025-03-25,2025-04-15,2025-04-13,21,571.61,COMPLETED
RNT00502,EQX0051,SITE008,OP032,2025-09-29,2025-10-02,2025-10-07,3,672.16,OVERDUE_RETURN
RNT00503,EQX0048,SITE015,OP025,2026-01-14,2026-01-21,2026-01-25,7,236.66,OVERDUE_RETURN
RNT00504,EQX0057,SITE008,OP017,2025-08-20,2025-10-19,2025-10-20,60,896.59,OVERDUE_RETURN
RNT00505,EQX0020,SITE013,OP045,2025-04-10,2025-04-13,2025-04-15,3,1206.39,OVERDUE_RETURN
RNT00506,EQX0053,SITE013,OP038,2025-08-21,2025-09-20,2025-09-17,30,1247.81,COMPLETED
RNT00507,EQX0105,SITE009,OP027,2026-07-03,2026-08-17,2026-08-21,45,907.35,OVERDUE_RETURN
RNT00508,EQX0031,SITE008,OP020,2025-03-22,2025-04-12,2025-04-09,21,817.67,COMPLETED
RNT00509,EQX0116,SITE009,OP052,2025-05-31,2025-06-03,2025-06-07,3,399.56,OVERDUE_RETURN
RNT00510,EQX0022,SITE004,OP052,2025-07-17,2025-07-24,2025-07-21,7,717.69,COMPLETED
RNT00511,EQX0088,SITE007,OP013,2025-06-01,2025-07-31,2025-08-01,60,586.08,OVERDUE_RETURN
RNT00512,EQX0094,SITE015,OP052,2025-03-10,2025-03-13,2025-03-16,3,886.58,OVERDUE_RETURN
RNT00513,EQX0071,SITE006,OP055,2025-10-10,2025-11-09,2025-11-13,30,1344.8,OVERDUE_RETURN
RNT00514,EQX0002,SITE013,OP045,2026-06-20,2026-08-19,2026-08-22,60,322.9,OVERDUE_RETURN
RNT00515,EQX0020,SITE003,OP037,2025-04-13,2025-04-16,2025-04-14,3,1177.9,COMPLETED
RNT00516,EQX0112,SITE009,OP057,2025-12-19,2026-01-09,2026-01-10,21,666.47,OVERDUE_RETURN
RNT00517,EQX0063,SITE010,OP039,2026-04-30,2026-05-03,2026-05-02,3,529.78,COMPLETED
RNT00518,EQX0019,SITE010,OP039,2026-02-16,2026-02-19,2026-02-22,3,1309.76,OVERDUE_RETURN
RNT00519,EQX0043,SITE012,OP016,2025-02-20,2025-04-06,2025-04-10,45,1349.46,OVERDUE_RETURN
RNT00520,EQX0115,SITE006,OP002,2025-12-12,2026-02-10,2026-02-11,60,574.91,OVERDUE_RETURN
RNT00521,EQX0108,SITE008,OP055,2025-04-11,2025-06-10,2025-06-10,60,350.67,COMPLETED
RNT00522,EQX0096,SITE008,OP050,2025-11-25,2025-12-09,2025-12-12,14,948.32,OVERDUE_RETURN
RNT00523,EQX0012,SITE004,OP029,2025-08-05,2025-10-04,2025-10-07,60,1121.0,OVERDUE_RETURN
RNT00524,EQX0098,SITE009,OP056,2026-01-18,2026-03-19,2026-03-16,60,834.39,COMPLETED
RNT00525,EQX0021,SITE002,OP020,2026-06-03,2026-06-24,2026-06-23,21,1171.26,COMPLETED
RNT00526,EQX0068,SITE015,OP037,2025-01-30,2025-02-06,2025-02-06,7,1291.48,COMPLETED
RNT00527,EQX0026,SITE014,OP004,2025-09-13,2025-09-16,2025-09-20,3,244.21,OVERDUE_RETURN
RNT00528,EQX0047,SITE012,OP013,2025-10-08,2025-10-22,2025-10-26,14,821.51,OVERDUE_RETURN
RNT00529,EQX0082,SITE015,OP008,2025-02-01,2025-02-08,2025-02-10,7,800.76,OVERDUE_RETURN
RNT00530,EQX0058,SITE003,OP056,2026-05-01,2026-05-31,2026-06-05,30,624.2,OVERDUE_RETURN
RNT00531,EQX0021,SITE014,OP058,2025-09-22,2025-11-06,2025-11-04,45,542.04,COMPLETED
RNT00532,EQX0050,SITE001,OP011,2025-08-08,2025-10-07,2025-10-07,60,1002.17,COMPLETED
RNT00533,EQX0087,SITE004,OP018,2026-02-24,2026-03-26,2026-03-23,30,1278.08,COMPLETED
RNT00534,EQX0099,SITE011,OP001,2026-05-01,2026-05-08,2026-05-07,7,943.45,COMPLETED
RNT00535,EQX0002,SITE004,OP017,2025-11-09,2025-12-24,2025-12-25,45,718.23,OVERDUE_RETURN
RNT00536,EQX0049,SITE014,OP023,2026-04-16,2026-04-30,2026-04-30,14,772.71,COMPLETED
RNT00537,EQX0087,SITE009,OP053,2026-02-11,2026-03-13,2026-03-11,30,189.33,COMPLETED
RNT00538,EQX0085,SITE014,OP054,2026-01-19,2026-02-18,2026-02-19,30,559.06,OVERDUE_RETURN
RNT00539,EQX0014,SITE008,OP005,2025-12-11,2025-12-25,2025-12-27,14,1274.09,OVERDUE_RETURN
RNT00540,EQX0034,SITE011,OP046,2025-11-02,2025-11-09,2025-11-08,7,836.96,COMPLETED
RNT00541,EQX0031,SITE015,OP004,2026-02-18,2026-04-04,2026-04-06,45,1044.56,OVERDUE_RETURN
RNT00542,EQX0093,SITE001,OP042,2026-05-25,2026-06-08,2026-06-09,14,1331.78,OVERDUE_RETURN
RNT00543,EQX0052,SITE007,OP048,2025-02-06,2025-03-08,2025-03-08,30,615.82,COMPLETED
RNT00544,EQX0092,SITE004,OP044,2026-07-02,2026-08-16,2026-08-20,45,1331.29,OVERDUE_RETURN
RNT00545,EQX0086,SITE006,OP033,2025-11-04,2026-01-03,2026-01-02,60,1247.61,COMPLETED
RNT00546,EQX0113,SITE009,OP012,2025-10-28,2025-10-31,2025-11-04,3,342.49,OVERDUE_RETURN
RNT00547,EQX0034,SITE012,OP052,2025-07-07,2025-08-21,2025-08-23,45,1011.13,OVERDUE_RETURN
RNT00548,EQX0029,SITE006,OP015,2025-11-11,2025-12-02,2025-12-04,21,652.04,OVERDUE_RETURN
RNT00549,EQX0075,SITE005,OP030,2025-05-01,2025-05-22,2025-05-19,21,1280.32,COMPLETED
RNT00550,EQX0075,SITE010,OP040,2025-03-14,2025-04-04,2025-04-04,21,815.61,COMPLETED
RNT00551,EQX0112,SITE011,OP025,2026-06-27,2026-07-11,2026-07-14,14,248.66,OVERDUE_RETURN
RNT00552,EQX0110,SITE003,OP009,2025-07-25,2025-08-08,2025-08-11,14,1433.73,OVERDUE_RETURN
RNT00553,EQX0115,SITE015,OP030,2025-05-27,2025-06-10,2025-06-09,14,1169.26,COMPLETED
RNT00554,EQX0063,SITE006,OP041,2025-07-01,2025-07-15,2025-07-12,14,185.99,COMPLETED
RNT00555,EQX0036,SITE004,OP049,2025-06-22,2025-07-22,2025-07-21,30,801.76,COMPLETED
RNT00556,EQX0098,SITE013,OP006,2025-05-13,2025-06-12,2025-06-15,30,984.53,OVERDUE_RETURN
RNT00557,EQX0052,SITE007,OP031,2026-01-28,2026-01-31,2026-01-28,3,857.9,COMPLETED
RNT00558,EQX0094,SITE006,OP001,2025-11-26,2026-01-25,2026-01-30,60,422.03,OVERDUE_RETURN
RNT00559,EQX0087,SITE001,OP041,2025-09-12,2025-09-19,2025-09-21,7,576.36,OVERDUE_RETURN
RNT00560,EQX0014,SITE007,OP033,2025-11-10,2025-11-17,2025-11-15,7,1226.28,COMPLETED
RNT00561,EQX0039,SITE005,OP030,2026-06-17,2026-07-17,2026-07-22,30,609.05,OVERDUE_RETURN
RNT00562,EQX0114,SITE011,OP009,2025-12-17,2026-01-07,2026-01-09,21,1132.65,OVERDUE_RETURN
RNT00563,EQX0022,SITE015,OP059,2026-02-18,2026-02-21,2026-02-21,3,464.89,COMPLETED
RNT00564,EQX0017,SITE004,OP047,2025-01-23,2025-02-22,2025-02-27,30,394.61,OVERDUE_RETURN
RNT00565,EQX0047,SITE012,OP042,2025-02-08,2025-03-01,2025-03-02,21,1159.49,OVERDUE_RETURN
RNT00566,EQX0080,SITE001,OP039,2025-02-19,2025-04-05,2025-04-03,45,1010.03,COMPLETED
RNT00567,EQX0003,SITE001,OP045,2025-04-29,2025-05-20,2025-05-24,21,662.92,OVERDUE_RETURN
RNT00568,EQX0071,SITE005,OP031,2025-06-06,2025-06-13,2025-06-10,7,562.42,COMPLETED
RNT00569,EQX0085,SITE002,OP043,2026-06-17,2026-07-01,2026-06-30,14,711.91,COMPLETED
RNT00570,EQX0116,SITE002,OP033,2025-05-01,2025-05-15,2025-05-13,14,1176.65,COMPLETED
RNT00571,EQX0064,SITE004,OP039,2025-07-24,2025-09-22,2025-09-23,60,1236.0,OVERDUE_RETURN
RNT00572,EQX0026,SITE006,OP046,2026-02-24,2026-03-10,2026-03-09,14,230.05,COMPLETED
RNT00573,EQX0064,SITE015,OP014,2026-05-08,2026-05-22,2026-05-22,14,183.48,COMPLETED
RNT00574,EQX0086,SITE002,OP059,2025-04-24,2025-06-23,2025-06-27,60,369.41,OVERDUE_RETURN
RNT00575,EQX0012,SITE013,OP033,2025-03-18,2025-05-02,2025-04-30,45,1329.07,COMPLETED
RNT00576,EQX0083,SITE004,OP030,2025-10-31,2025-11-14,2025-11-18,14,243.6,OVERDUE_RETURN
RNT00577,EQX0105,SITE003,OP056,2025-02-10,2025-04-11,2025-04-12,60,637.47,OVERDUE_RETURN
RNT00578,EQX0087,SITE006,OP028,2025-04-29,2025-05-02,2025-04-29,3,192.28,COMPLETED
RNT00579,EQX0018,SITE011,OP042,2025-06-24,2025-07-08,2025-07-10,14,1316.05,OVERDUE_RETURN
RNT00580,EQX0080,SITE005,OP057,2025-04-06,2025-04-20,2025-04-22,14,412.24,OVERDUE_RETURN
RNT00581,EQX0052,SITE007,OP030,2025-10-06,2025-12-05,2025-12-08,60,1056.18,OVERDUE_RETURN
RNT00582,EQX0062,SITE013,OP027,2025-06-20,2025-06-23,2025-06-22,3,1064.14,COMPLETED
RNT00583,EQX0008,SITE014,OP011,2025-04-17,2025-05-08,2025-05-12,21,1198.88,OVERDUE_RETURN
RNT00584,EQX0087,SITE008,OP012,2026-01-24,2026-03-25,2026-03-27,60,956.43,OVERDUE_RETURN
RNT00585,EQX0111,SITE011,OP057,2025-05-14,2025-06-04,2025-06-08,21,323.43,OVERDUE_RETURN
RNT00586,EQX0053,SITE008,OP003,2025-03-06,2025-03-20,2025-03-22,14,195.7,OVERDUE_RETURN
RNT00587,EQX0112,SITE011,OP034,2025-08-18,2025-10-02,2025-10-04,45,839.26,OVERDUE_RETURN
RNT00588,EQX0089,SITE012,OP040,2025-04-08,2025-04-29,2025-04-29,21,792.05,COMPLETED
RNT00589,EQX0085,SITE011,OP042,2026-01-30,2026-02-06,2026-02-11,7,1312.92,OVERDUE_RETURN
RNT00590,EQX0079,SITE001,OP001,2025-06-10,2025-07-10,2025-07-14,30,1261.88,OVERDUE_RETURN
RNT00591,EQX0112,SITE003,OP005,2026-05-19,2026-06-02,2026-06-02,14,600.24,COMPLETED
RNT00592,EQX0036,SITE001,OP033,2025-08-17,2025-09-16,2025-09-19,30,692.16,OVERDUE_RETURN
RNT00593,EQX0031,SITE002,OP030,2026-03-31,2026-05-30,2026-06-03,60,291.79,OVERDUE_RETURN
RNT00594,EQX0064,SITE008,OP021,2025-05-02,2025-05-23,2025-05-20,21,310.36,COMPLETED
RNT00595,EQX0053,SITE001,OP036,2026-07-17,2026-07-20,2026-07-18,3,1185.56,COMPLETED
RNT00596,EQX0080,SITE011,OP020,2026-06-05,2026-07-05,2026-07-05,30,1011.34,COMPLETED
RNT00597,EQX0059,SITE006,OP024,2025-02-25,2025-04-26,2025-04-26,60,1252.28,COMPLETED
RNT00598,EQX0043,SITE009,OP050,2026-04-30,2026-06-14,2026-06-16,45,1089.21,OVERDUE_RETURN
RNT00599,EQX0015,SITE002,OP049,2025-08-16,2025-08-19,2025-08-21,3,631.03,OVERDUE_RETURN
RNT00600,EQX0082,SITE013,OP019,2026-07-15,2026-08-14,2026-08-16,30,1071.66,OVERDUE_RETURN
RNT00601,EQX0006,SITE015,OP011,2026-05-20,2026-05-27,2026-05-30,7,315.84,OVERDUE_RETURN
RNT00602,EQX0079,SITE004,OP013,2025-05-04,2025-07-03,2025-07-06,60,453.8,OVERDUE_RETURN
RNT00603,EQX0106,SITE013,OP013,2025-12-13,2025-12-16,2025-12-19,3,239.06,OVERDUE_RETURN
RNT00604,EQX0082,SITE014,OP044,2025-05-07,2025-07-06,2025-07-10,60,760.88,OVERDUE_RETURN
RNT00605,EQX0076,SITE009,OP009,2026-05-26,2026-05-29,2026-06-03,3,1114.99,OVERDUE_RETURN
RNT00606,EQX0071,SITE015,OP028,2026-05-10,2026-06-09,2026-06-08,30,1058.61,COMPLETED
RNT00607,EQX0023,SITE012,OP053,2025-05-12,2025-05-15,2025-05-18,3,1015.05,OVERDUE_RETURN
RNT00608,EQX0078,SITE015,OP021,2026-06-01,2026-06-22,2026-06-25,21,1423.97,OVERDUE_RETURN
RNT00609,EQX0118,SITE012,OP049,2025-09-12,2025-09-26,2025-09-29,14,1403.76,OVERDUE_RETURN
RNT00610,EQX0038,SITE008,OP052,2025-05-17,2025-05-24,2025-05-27,7,945.21,OVERDUE_RETURN
RNT00611,EQX0114,SITE012,OP033,2025-11-03,2026-01-02,2026-01-07,60,1273.1,OVERDUE_RETURN
RNT00612,EQX0092,SITE012,OP060,2026-07-21,2026-09-04,2026-09-04,45,435.13,COMPLETED
RNT00613,EQX0080,SITE012,OP019,2025-12-20,2026-02-03,2026-02-02,45,1426.3,COMPLETED
RNT00614,EQX0084,SITE003,OP033,2026-07-10,2026-08-24,2026-08-26,45,1082.15,OVERDUE_RETURN
RNT00615,EQX0098,SITE006,OP036,2026-05-07,2026-06-06,2026-06-09,30,1036.29,OVERDUE_RETURN
RNT00616,EQX0115,SITE014,OP035,2025-10-20,2025-12-19,2025-12-22,60,1206.55,OVERDUE_RETURN
RNT00617,EQX0067,SITE002,OP002,2026-01-26,2026-02-02,2026-01-30,7,1031.22,COMPLETED
RNT00618,EQX0026,SITE005,OP049,2025-06-14,2025-06-28,2025-06-29,14,365.96,OVERDUE_RETURN
RNT00619,EQX0008,SITE012,OP051,2025-10-30,2025-11-06,2025-11-11,7,221.03,OVERDUE_RETURN
RNT00620,EQX0105,SITE008,OP007,2025-08-18,2025-10-02,2025-10-07,45,673.89,OVERDUE_RETURN
RNT00621,EQX0066,SITE013,OP051,2025-10-22,2025-12-06,2025-12-03,45,1356.64,COMPLETED
RNT00622,EQX0050,SITE007,OP051,2025-11-17,2025-12-17,2025-12-14,30,196.47,COMPLETED
RNT00623,EQX0033,SITE004,OP040,2026-03-30,2026-05-29,2026-05-29,60,1337.59,COMPLETED
RNT00624,EQX0091,SITE012,OP042,2026-01-12,2026-03-13,2026-03-18,60,1117.83,OVERDUE_RETURN
RNT00625,EQX0026,SITE013,OP047,2025-07-18,2025-08-01,2025-08-05,14,405.33,OVERDUE_RETURN
RNT00626,EQX0088,SITE002,OP012,2025-06-27,2025-08-11,2025-08-16,45,331.58,OVERDUE_RETURN
RNT00627,EQX0006,SITE007,OP018,2026-07-24,2026-08-07,2026-08-06,14,384.38,COMPLETED
RNT00628,EQX0109,SITE005,OP001,2025-12-05,2025-12-26,2025-12-25,21,230.72,COMPLETED
RNT00629,EQX0119,SITE006,OP039,2025-02-22,2025-04-23,2025-04-24,60,803.0,OVERDUE_RETURN
RNT00630,EQX0074,SITE009,OP023,2025-03-16,2025-05-15,2025-05-17,60,847.25,OVERDUE_RETURN
RNT00631,EQX0024,SITE009,OP005,2026-06-02,2026-06-09,2026-06-12,7,869.71,OVERDUE_RETURN
RNT00632,EQX0052,SITE002,OP023,2025-08-15,2025-08-22,2025-08-24,7,600.45,OVERDUE_RETURN
RNT00633,EQX0038,SITE004,OP049,2026-06-28,2026-07-19,2026-07-24,21,1226.08,OVERDUE_RETURN
RNT00634,EQX0084,SITE001,OP008,2025-12-21,2026-01-11,2026-01-11,21,1328.71,COMPLETED
RNT00635,EQX0079,SITE015,OP040,2025-09-07,2025-09-10,2025-09-12,3,664.34,OVERDUE_RETURN
RNT00636,EQX0102,SITE002,OP025,2025-09-20,2025-10-20,2025-10-21,30,211.38,OVERDUE_RETURN
RNT00637,EQX0067,SITE014,OP050,2026-01-19,2026-02-18,2026-02-23,30,745.86,OVERDUE_RETURN
RNT00638,EQX0006,SITE005,OP058,2025-07-17,2025-07-31,2025-08-05,14,284.58,OVERDUE_RETURN
RNT00639,EQX0013,SITE003,OP050,2026-07-05,2026-08-04,2026-08-01,30,976.21,COMPLETED
RNT00640,EQX0027,SITE011,OP041,2025-08-07,2025-10-06,2025-10-09,60,1241.29,OVERDUE_RETURN
RNT00641,EQX0027,SITE009,OP054,2026-03-22,2026-05-06,2026-05-04,45,1128.55,COMPLETED
RNT00642,EQX0020,SITE001,OP030,2025-12-06,2025-12-09,2025-12-07,3,273.02,COMPLETED
RNT00643,EQX0023,SITE013,OP017,2025-03-14,2025-04-13,2025-04-13,30,1336.95,COMPLETED
RNT00644,EQX0053,SITE007,OP029,2026-02-19,2026-03-12,2026-03-14,21,201.45,OVERDUE_RETURN
RNT00645,EQX0087,SITE002,OP035,2025-01-07,2025-02-21,2025-02-19,45,1140.07,COMPLETED
RNT00646,EQX0075,SITE001,OP045,2025-03-16,2025-03-30,2025-04-04,14,314.79,OVERDUE_RETURN
RNT00647,EQX0101,SITE011,OP020,2025-03-30,2025-04-13,2025-04-17,14,664.4,OVERDUE_RETURN
RNT00648,EQX0106,SITE011,OP002,2026-05-01,2026-05-08,2026-05-13,7,459.23,OVERDUE_RETURN
RNT00649,EQX0096,SITE007,OP051,2026-07-13,2026-07-27,2026-07-26,14,558.53,COMPLETED
RNT00650,EQX0114,SITE015,OP051,2026-01-18,2026-01-21,2026-01-26,3,1290.95,OVERDUE_RETURN
RNT00651,EQX0019,SITE002,OP003,2025-01-06,2025-02-05,2025-02-08,30,862.18,OVERDUE_RETURN
RNT00652,EQX0011,SITE005,OP014,2025-12-19,2025-12-26,2025-12-29,7,1330.15,OVERDUE_RETURN
RNT00653,EQX0109,SITE009,OP010,2025-06-14,2025-06-21,2025-06-21,7,963.44,COMPLETED
RNT00654,EQX0033,SITE004,OP008,2025-07-05,2025-08-19,2025-08-16,45,1261.26,COMPLETED
RNT00655,EQX0120,SITE009,OP030,2026-07-17,2026-07-20,2026-07-21,3,1033.04,OVERDUE_RETURN
RNT00656,EQX0033,SITE002,OP013,2026-05-14,2026-05-28,2026-05-30,14,342.83,OVERDUE_RETURN
RNT00657,EQX0084,SITE004,OP007,2025-10-19,2025-11-18,2025-11-16,30,1323.15,COMPLETED
RNT00658,EQX0041,SITE008,OP029,2025-12-03,2026-01-02,2026-01-03,30,1060.69,OVERDUE_RETURN
RNT00659,EQX0020,SITE010,OP037,2026-01-09,2026-03-10,2026-03-12,60,1397.5,OVERDUE_RETURN
RNT00660,EQX0022,SITE001,OP021,2025-09-10,2025-11-09,2025-11-09,60,1084.49,COMPLETED
RNT00661,EQX0083,SITE007,OP018,2026-01-04,2026-01-11,2026-01-13,7,1294.92,OVERDUE_RETURN
RNT00662,EQX0060,SITE008,OP023,2025-11-09,2025-11-30,2025-12-05,21,318.22,OVERDUE_RETURN
RNT00663,EQX0083,SITE010,OP006,2025-10-15,2025-12-14,2025-12-13,60,1311.95,COMPLETED
RNT00664,EQX0026,SITE005,OP047,2025-03-20,2025-05-04,2025-05-02,45,1312.97,COMPLETED
RNT00665,EQX0109,SITE009,OP041,2025-02-01,2025-04-02,2025-04-05,60,1156.88,OVERDUE_RETURN
RNT00666,EQX0028,SITE015,OP003,2026-07-19,2026-08-02,2026-08-07,14,1315.36,OVERDUE_RETURN
RNT00667,EQX0070,SITE008,OP042,2025-06-02,2025-06-16,2025-06-19,14,463.6,OVERDUE_RETURN
RNT00668,EQX0099,SITE010,OP047,2025-10-25,2025-11-01,2025-11-05,7,816.43,OVERDUE_RETURN
RNT00669,EQX0012,SITE007,OP024,2026-05-30,2026-06-02,2026-06-02,3,1256.94,COMPLETED
RNT00670,EQX0104,SITE010,OP044,2025-06-19,2025-08-18,2025-08-23,60,358.27,OVERDUE_RETURN
RNT00671,EQX0021,SITE003,OP037,2025-05-30,2025-07-14,2025-07-18,45,1372.75,OVERDUE_RETURN
RNT00672,EQX0006,SITE004,OP049,2026-05-15,2026-05-22,2026-05-20,7,515.73,COMPLETED
RNT00673,EQX0030,SITE001,OP043,2025-07-31,2025-08-30,2025-09-01,30,672.88,OVERDUE_RETURN
RNT00674,EQX0118,SITE008,OP057,2025-02-17,2025-02-20,2025-02-22,3,311.1,OVERDUE_RETURN
RNT00675,EQX0067,SITE011,OP054,2025-10-08,2025-12-07,2025-12-08,60,914.86,OVERDUE_RETURN
RNT00676,EQX0073,SITE003,OP025,2026-01-23,2026-02-06,2026-02-04,14,836.16,COMPLETED
RNT00677,EQX0049,SITE015,OP015,2026-06-13,2026-07-04,2026-07-06,21,1217.89,OVERDUE_RETURN
RNT00678,EQX0045,SITE008,OP051,2026-05-09,2026-06-08,2026-06-05,30,817.33,COMPLETED
RNT00679,EQX0018,SITE008,OP011,2025-08-24,2025-08-27,2025-09-01,3,997.22,OVERDUE_RETURN
RNT00680,EQX0028,SITE003,OP012,2025-06-11,2025-06-25,2025-06-23,14,1019.61,COMPLETED
RNT00681,EQX0054,SITE013,OP022,2025-04-27,2025-05-18,2025-05-22,21,788.36,OVERDUE_RETURN
RNT00682,EQX0076,SITE003,OP042,2026-02-25,2026-02-28,2026-02-28,3,234.79,COMPLETED
RNT00683,EQX0074,SITE010,OP011,2025-05-18,2025-07-02,2025-07-07,45,229.77,OVERDUE_RETURN
RNT00684,EQX0074,SITE003,OP004,2025-06-20,2025-07-04,2025-07-03,14,836.13,COMPLETED
RNT00685,EQX0052,SITE010,OP037,2025-01-20,2025-03-06,2025-03-07,45,1383.01,OVERDUE_RETURN
RNT00686,EQX0028,SITE008,OP039,2026-04-28,2026-06-27,2026-07-01,60,396.62,OVERDUE_RETURN
RNT00687,EQX0107,SITE007,OP039,2025-05-27,2025-07-26,2025-07-25,60,971.48,COMPLETED
RNT00688,EQX0066,SITE005,OP011,2025-12-17,2026-01-07,2026-01-05,21,471.86,COMPLETED
RNT00689,EQX0050,SITE003,OP007,2025-01-17,2025-01-24,2025-01-29,7,1271.68,OVERDUE_RETURN
RNT00690,EQX0065,SITE011,OP027,2025-06-03,2025-07-03,2025-07-01,30,405.33,COMPLETED
RNT00691,EQX0116,SITE010,OP039,2025-02-09,2025-04-10,2025-04-15,60,819.23,OVERDUE_RETURN
RNT00692,EQX0016,SITE002,OP031,2025-05-14,2025-06-13,2025-06-18,30,1230.95,OVERDUE_RETURN
RNT00693,EQX0115,SITE013,OP044,2026-03-18,2026-04-17,2026-04-20,30,650.38,OVERDUE_RETURN
RNT00694,EQX0006,SITE012,OP034,2026-03-16,2026-03-23,2026-03-27,7,1182.74,OVERDUE_RETURN
RNT00695,EQX0049,SITE006,OP038,2025-04-11,2025-05-02,2025-05-01,21,503.24,COMPLETED
RNT00696,EQX0099,SITE004,OP059,2025-03-27,2025-04-10,2025-04-15,14,698.98,OVERDUE_RETURN
RNT00697,EQX0025,SITE001,OP046,2025-01-08,2025-02-07,2025-02-12,30,329.64,OVERDUE_RETURN
RNT00698,EQX0001,SITE007,OP042,2025-07-30,2025-09-13,2025-09-15,45,699.23,OVERDUE_RETURN
RNT00699,EQX0014,SITE003,OP028,2025-09-17,2025-10-01,2025-10-06,14,717.92,OVERDUE_RETURN
RNT00700,EQX0047,SITE010,OP018,2026-02-11,2026-04-12,2026-04-12,60,704.8,COMPLETED
RNT00701,EQX0101,SITE009,OP031,2025-07-03,2025-07-17,2025-07-22,14,884.74,OVERDUE_RETURN
RNT00702,EQX0033,SITE005,OP037,2025-12-19,2026-02-17,2026-02-20,60,1114.44,OVERDUE_RETURN
RNT00703,EQX0110,SITE014,OP043,2025-05-02,2025-06-16,2025-06-16,45,747.18,COMPLETED
RNT00704,EQX0090,SITE003,OP007,2025-08-08,2025-09-07,2025-09-10,30,1178.32,OVERDUE_RETURN
RNT00705,EQX0103,SITE009,OP040,2025-02-23,2025-03-02,2025-03-05,7,1405.0,OVERDUE_RETURN
RNT00706,EQX0001,SITE013,OP006,2025-05-29,2025-06-19,2025-06-22,21,291.94,OVERDUE_RETURN
RNT00707,EQX0034,SITE004,OP024,2025-03-23,2025-04-22,2025-04-19,30,1100.11,COMPLETED
RNT00708,EQX0120,SITE007,OP040,2026-06-18,2026-07-02,2026-06-29,14,1381.06,COMPLETED
RNT00709,EQX0105,SITE003,OP041,2026-05-22,2026-06-12,2026-06-09,21,436.17,COMPLETED
RNT00710,EQX0085,SITE015,OP052,2026-06-15,2026-06-29,2026-06-29,14,222.68,COMPLETED
RNT00711,EQX0077,SITE009,OP034,2025-08-26,2025-09-25,2025-09-24,30,1036.01,COMPLETED
RNT00712,EQX0047,SITE004,OP042,2025-01-01,2025-01-08,2025-01-06,7,1445.96,COMPLETED
RNT00713,EQX0100,SITE007,OP023,2026-02-09,2026-03-02,2026-03-02,21,837.53,COMPLETED
RNT00714,EQX0095,SITE012,OP005,2025-04-03,2025-05-03,2025-05-04,30,1102.2,OVERDUE_RETURN
RNT00715,EQX0072,SITE015,OP038,2025-12-23,2026-01-06,2026-01-07,14,467.4,OVERDUE_RETURN
RNT00716,EQX0025,SITE008,OP060,2026-02-18,2026-03-20,2026-03-17,30,511.61,COMPLETED
RNT00717,EQX0053,SITE009,OP007,2025-03-16,2025-04-15,2025-04-16,30,611.76,OVERDUE_RETURN
RNT00718,EQX0015,SITE013,OP033,2025-09-21,2025-10-21,2025-10-22,30,1061.62,OVERDUE_RETURN
RNT00719,EQX0049,SITE010,OP031,2025-09-07,2025-11-06,2025-11-08,60,1400.77,OVERDUE_RETURN
RNT00720,EQX0059,SITE011,OP030,2025-01-29,2025-02-19,2025-02-17,21,507.43,COMPLETED
RNT00721,EQX0049,SITE011,OP051,2025-08-14,2025-09-28,2025-09-28,45,1196.2,COMPLETED
RNT00722,EQX0053,SITE006,OP034,2026-07-03,2026-07-06,2026-07-07,3,495.29,OVERDUE_RETURN
RNT00723,EQX0012,SITE007,OP044,2025-12-17,2025-12-20,2025-12-25,3,1362.87,OVERDUE_RETURN
RNT00724,EQX0061,SITE006,OP023,2025-08-12,2025-09-11,2025-09-12,30,412.14,OVERDUE_RETURN
RNT00725,EQX0096,SITE011,OP060,2025-07-14,2025-08-04,2025-08-04,21,478.27,COMPLETED
RNT00726,EQX0031,SITE014,OP017,2025-07-31,2025-08-07,2025-08-07,7,1240.37,COMPLETED
RNT00727,EQX0108,SITE010,OP023,2025-06-09,2025-08-08,2025-08-06,60,332.25,COMPLETED
RNT00728,EQX0011,SITE011,OP043,2026-05-20,2026-06-19,2026-06-16,30,1150.59,COMPLETED
RNT00729,EQX0070,SITE001,OP055,2026-05-09,2026-05-23,2026-05-25,14,805.27,OVERDUE_RETURN
RNT00730,EQX0113,SITE015,OP037,2025-10-09,2025-10-30,2025-10-29,21,1430.18,COMPLETED
RNT00731,EQX0118,SITE009,OP018,2026-02-12,2026-02-19,2026-02-18,7,248.77,COMPLETED
RNT00732,EQX0103,SITE007,OP031,2026-07-08,2026-07-11,2026-07-16,3,621.06,OVERDUE_RETURN
RNT00733,EQX0111,SITE011,OP050,2025-06-28,2025-07-19,2025-07-17,21,1066.77,COMPLETED
RNT00734,EQX0059,SITE006,OP045,2025-01-09,2025-01-12,2025-01-12,3,661.87,COMPLETED
RNT00735,EQX0013,SITE006,OP024,2025-09-23,2025-09-30,2025-10-05,7,513.82,OVERDUE_RETURN
RNT00736,EQX0035,SITE008,OP040,2025-12-18,2026-01-01,2025-12-31,14,813.44,COMPLETED
RNT00737,EQX0027,SITE007,OP045,2026-01-17,2026-01-31,2026-02-03,14,535.13,OVERDUE_RETURN
RNT00738,EQX0024,SITE010,OP009,2025-08-23,2025-10-22,2025-10-20,60,1095.44,COMPLETED
RNT00739,EQX0103,SITE004,OP036,2026-03-19,2026-05-18,2026-05-21,60,429.0,OVERDUE_RETURN
RNT00740,EQX0103,SITE012,OP010,2026-04-30,2026-06-29,2026-06-26,60,404.29,COMPLETED
RNT00741,EQX0064,SITE003,OP058,2026-06-14,2026-07-14,2026-07-16,30,1177.37,OVERDUE_RETURN
RNT00742,EQX0039,SITE005,OP036,2025-02-18,2025-03-11,2025-03-09,21,1056.99,COMPLETED
RNT00743,EQX0008,SITE004,OP053,2025-09-18,2025-10-09,2025-10-07,21,751.32,COMPLETED
RNT00744,EQX0043,SITE005,OP024,2026-01-04,2026-02-03,2026-02-08,30,1363.44,OVERDUE_RETURN
RNT00745,EQX0033,SITE006,OP002,2026-02-26,2026-03-01,2026-03-03,3,1281.56,OVERDUE_RETURN
RNT00746,EQX0078,SITE004,OP037,2026-07-06,2026-07-13,2026-07-14,7,630.99,OVERDUE_RETURN
RNT00747,EQX0087,SITE009,OP032,2026-04-03,2026-04-06,2026-04-09,3,959.35,OVERDUE_RETURN
RNT00748,EQX0060,SITE011,OP010,2025-06-21,2025-08-05,2025-08-07,45,715.71,OVERDUE_RETURN
RNT00749,EQX0079,SITE010,OP026,2025-03-15,2025-03-18,2025-03-17,3,616.4,COMPLETED
RNT00750,EQX0041,SITE006,OP042,2025-10-26,2025-12-10,2025-12-11,45,948.84,OVERDUE_RETURN
RNT00751,EQX0051,SITE005,OP057,2026-04-01,2026-05-31,2026-06-02,60,1129.83,OVERDUE_RETURN
RNT00752,EQX0067,SITE008,OP027,2025-06-21,2025-06-28,2025-06-25,7,338.8,COMPLETED
RNT00753,EQX0031,SITE011,OP017,2025-03-23,2025-03-30,2025-03-29,7,684.25,COMPLETED
RNT00754,EQX0013,SITE002,OP060,2026-04-30,2026-05-30,2026-05-27,30,213.48,COMPLETED
RNT00755,EQX0051,SITE009,OP049,2025-03-27,2025-03-30,2025-03-31,3,964.99,OVERDUE_RETURN
RNT00756,EQX0011,SITE011,OP060,2026-02-04,2026-02-18,2026-02-18,14,494.19,COMPLETED
RNT00757,EQX0037,SITE008,OP041,2025-05-10,2025-05-17,2025-05-22,7,1244.92,OVERDUE_RETURN
RNT00758,EQX0004,SITE001,OP043,2026-01-01,2026-03-02,2026-03-04,60,1277.59,OVERDUE_RETURN
RNT00759,EQX0060,SITE014,OP035,2025-10-06,2025-11-05,2025-11-09,30,351.6,OVERDUE_RETURN
RNT00760,EQX0090,SITE009,OP012,2026-04-13,2026-05-28,2026-05-31,45,844.79,OVERDUE_RETURN
RNT00761,EQX0082,SITE009,OP020,2025-12-22,2026-01-12,2026-01-17,21,468.45,OVERDUE_RETURN
RNT00762,EQX0012,SITE008,OP020,2026-01-10,2026-01-31,2026-02-01,21,377.76,OVERDUE_RETURN
RNT00763,EQX0002,SITE001,OP034,2025-05-20,2025-06-03,2025-06-04,14,775.88,OVERDUE_RETURN
RNT00764,EQX0002,SITE012,OP060,2026-05-19,2026-07-18,2026-07-22,60,560.51,OVERDUE_RETURN
RNT00765,EQX0099,SITE007,OP052,2025-10-27,2025-11-26,2025-11-26,30,1191.89,COMPLETED
RNT00766,EQX0071,SITE006,OP013,2026-02-26,2026-03-28,2026-03-31,30,681.34,OVERDUE_RETURN
RNT00767,EQX0021,SITE012,OP048,2026-02-04,2026-04-05,2026-04-08,60,460.15,OVERDUE_RETURN
RNT00768,EQX0011,SITE007,OP041,2025-09-03,2025-10-03,2025-10-04,30,541.54,OVERDUE_RETURN
RNT00769,EQX0096,SITE009,OP052,2025-10-03,2025-10-24,2025-10-24,21,1263.92,COMPLETED
RNT00770,EQX0024,SITE003,OP019,2025-04-24,2025-06-08,2025-06-12,45,964.52,OVERDUE_RETURN
RNT00771,EQX0035,SITE012,OP040,2026-05-19,2026-05-26,2026-05-28,7,204.63,OVERDUE_RETURN
RNT00772,EQX0007,SITE009,OP002,2025-07-10,2025-07-13,2025-07-14,3,521.88,OVERDUE_RETURN
RNT00773,EQX0092,SITE008,OP047,2025-01-09,2025-01-16,2025-01-14,7,371.37,COMPLETED
RNT00774,EQX0064,SITE004,OP022,2026-03-07,2026-03-21,2026-03-25,14,1447.41,OVERDUE_RETURN
RNT00775,EQX0060,SITE012,OP051,2025-02-02,2025-02-16,2025-02-14,14,1251.3,COMPLETED
RNT00776,EQX0019,SITE001,OP018,2026-02-06,2026-02-09,2026-02-14,3,777.09,OVERDUE_RETURN
RNT00777,EQX0025,SITE015,OP054,2025-09-14,2025-11-13,2025-11-16,60,1231.88,OVERDUE_RETURN
RNT00778,EQX0016,SITE013,OP046,2025-09-12,2025-10-03,2025-10-07,21,493.9,OVERDUE_RETURN
RNT00779,EQX0005,SITE004,OP030,2025-04-07,2025-05-07,2025-05-07,30,780.49,COMPLETED
RNT00780,EQX0088,SITE005,OP060,2025-11-27,2025-12-04,2025-12-01,7,1125.8,COMPLETED
RNT00781,EQX0071,SITE009,OP008,2025-09-17,2025-10-08,2025-10-09,21,432.38,OVERDUE_RETURN
RNT00782,EQX0114,SITE001,OP056,2025-08-12,2025-08-15,2025-08-15,3,983.79,COMPLETED
RNT00783,EQX0042,SITE001,OP011,2025-10-10,2025-11-09,2025-11-07,30,682.68,COMPLETED
RNT00784,EQX0032,SITE001,OP003,2026-05-02,2026-06-16,2026-06-15,45,651.68,COMPLETED
RNT00785,EQX0012,SITE004,OP011,2026-05-27,2026-05-30,2026-06-01,3,1362.18,OVERDUE_RETURN
RNT00786,EQX0098,SITE011,OP004,2025-03-03,2025-03-17,2025-03-16,14,1070.69,COMPLETED
RNT00787,EQX0102,SITE002,OP009,2026-05-15,2026-05-22,2026-05-24,7,1426.73,OVERDUE_RETURN
RNT00788,EQX0101,SITE011,OP049,2025-12-22,2026-02-20,2026-02-24,60,1111.15,OVERDUE_RETURN
RNT00789,EQX0003,SITE012,OP025,2026-01-02,2026-02-16,2026-02-15,45,498.38,COMPLETED
RNT00790,EQX0006,SITE008,OP046,2026-03-25,2026-04-24,2026-04-25,30,869.27,OVERDUE_RETURN
RNT00791,EQX0063,SITE004,OP037,2025-07-11,2025-08-10,2025-08-12,30,591.07,OVERDUE_RETURN
RNT00792,EQX0060,SITE005,OP056,2026-07-22,2026-07-29,2026-07-27,7,854.54,COMPLETED
RNT00793,EQX0058,SITE005,OP053,2025-09-27,2025-10-27,2025-10-29,30,756.68,OVERDUE_RETURN
RNT00794,EQX0100,SITE011,OP033,2026-01-24,2026-03-10,2026-03-09,45,1301.32,COMPLETED
RNT00795,EQX0080,SITE014,OP024,2025-09-02,2025-09-16,2025-09-14,14,1016.03,COMPLETED
RNT00796,EQX0069,SITE014,OP025,2025-07-14,2025-08-13,2025-08-17,30,1152.48,OVERDUE_RETURN
RNT00797,EQX0020,SITE010,OP019,2025-11-27,2025-12-18,2025-12-20,21,320.29,OVERDUE_RETURN
RNT00798,EQX0067,SITE011,OP005,2025-02-14,2025-04-15,2025-04-14,60,406.87,COMPLETED
RNT00799,EQX0005,SITE004,OP007,2026-05-13,2026-05-20,2026-05-18,7,220.41,COMPLETED
RNT00800,EQX0083,SITE014,OP025,2026-05-17,2026-06-16,2026-06-17,30,242.34,OVERDUE_RETURN
RNT00801,EQX0029,SITE010,OP046,2025-03-14,2025-03-17,2025-03-17,3,1012.8,COMPLETED
RNT00802,EQX0119,SITE015,OP054,2025-03-23,2025-04-13,2025-04-10,21,638.38,COMPLETED
RNT00803,EQX0096,SITE015,OP027,2026-01-13,2026-03-14,2026-03-11,60,1226.03,COMPLETED
RNT00804,EQX0035,SITE009,OP003,2025-03-14,2025-05-13,2025-05-14,60,278.98,OVERDUE_RETURN
RNT00805,EQX0028,SITE009,OP007,2025-04-14,2025-05-29,2025-05-29,45,855.21,COMPLETED
RNT00806,EQX0025,SITE004,OP034,2025-09-12,2025-10-12,2025-10-11,30,889.2,COMPLETED
RNT00807,EQX0072,SITE007,OP048,2025-04-19,2025-06-18,2025-06-20,60,1036.61,OVERDUE_RETURN
RNT00808,EQX0090,SITE011,OP028,2025-04-17,2025-04-24,2025-04-23,7,878.46,COMPLETED
RNT00809,EQX0065,SITE006,OP043,2025-06-11,2025-07-11,2025-07-15,30,1365.57,OVERDUE_RETURN
RNT00810,EQX0116,SITE006,OP036,2025-11-29,2026-01-28,2026-01-30,60,703.68,OVERDUE_RETURN
RNT00811,EQX0082,SITE007,OP053,2025-11-28,2025-12-28,2025-12-28,30,895.19,COMPLETED
RNT00812,EQX0028,SITE007,OP050,2026-07-18,2026-09-01,2026-09-02,45,637.21,OVERDUE_RETURN
RNT00813,EQX0058,SITE008,OP026,2025-01-01,2025-02-15,2025-02-12,45,1428.35,COMPLETED
RNT00814,EQX0077,SITE001,OP034,2025-05-19,2025-06-02,2025-05-30,14,561.42,COMPLETED
RNT00815,EQX0029,SITE004,OP055,2025-11-19,2025-11-22,2025-11-23,3,1347.27,OVERDUE_RETURN
RNT00816,EQX0066,SITE009,OP037,2025-06-08,2025-06-11,2025-06-08,3,764.67,COMPLETED
RNT00817,EQX0020,SITE003,OP017,2026-01-11,2026-02-10,2026-02-10,30,475.9,COMPLETED
RNT00818,EQX0104,SITE005,OP006,2026-02-14,2026-03-16,2026-03-16,30,1112.52,COMPLETED
RNT00819,EQX0093,SITE006,OP051,2026-05-10,2026-05-17,2026-05-21,7,1228.65,OVERDUE_RETURN
RNT00820,EQX0089,SITE012,OP037,2025-04-08,2025-05-08,2025-05-09,30,227.46,OVERDUE_RETURN
RNT00821,EQX0104,SITE010,OP025,2025-03-22,2025-05-21,2025-05-18,60,1350.78,COMPLETED
RNT00822,EQX0043,SITE006,OP057,2026-03-21,2026-04-11,2026-04-09,21,1284.63,COMPLETED
RNT00823,EQX0030,SITE012,OP042,2025-01-12,2025-02-26,2025-03-01,45,248.74,OVERDUE_RETURN
RNT00824,EQX0068,SITE001,OP021,2026-07-07,2026-08-06,2026-08-05,30,595.08,COMPLETED
RNT00825,EQX0090,SITE004,OP010,2025-02-21,2025-04-07,2025-04-10,45,1413.22,OVERDUE_RETURN
RNT00826,EQX0097,SITE010,OP037,2026-06-01,2026-06-04,2026-06-04,3,728.56,COMPLETED
RNT00827,EQX0101,SITE007,OP010,2025-05-16,2025-05-30,2025-05-28,14,784.34,COMPLETED
RNT00828,EQX0096,SITE001,OP036,2026-02-13,2026-02-27,2026-02-25,14,686.13,COMPLETED
RNT00829,EQX0056,SITE013,OP045,2025-05-14,2025-07-13,2025-07-12,60,790.77,COMPLETED
RNT00830,EQX0026,SITE008,OP026,2025-07-20,2025-08-19,2025-08-24,30,492.73,OVERDUE_RETURN
RNT00831,EQX0010,SITE005,OP050,2026-03-17,2026-03-31,2026-03-29,14,322.91,COMPLETED
RNT00832,EQX0053,SITE007,OP024,2025-12-23,2025-12-30,2026-01-01,7,617.55,OVERDUE_RETURN
RNT00833,EQX0084,SITE001,OP050,2025-11-09,2025-11-16,2025-11-18,7,962.6,OVERDUE_RETURN
RNT00834,EQX0103,SITE008,OP040,2025-05-30,2025-06-20,2025-06-17,21,1353.75,COMPLETED
RNT00835,EQX0030,SITE004,OP044,2026-01-18,2026-01-25,2026-01-23,7,322.71,COMPLETED
RNT00836,EQX0007,SITE004,OP040,2025-06-01,2025-07-31,2025-08-01,60,197.44,OVERDUE_RETURN
RNT00837,EQX0089,SITE013,OP008,2025-11-09,2025-11-30,2025-12-04,21,208.89,OVERDUE_RETURN
RNT00838,EQX0027,SITE012,OP035,2025-08-05,2025-08-12,2025-08-17,7,844.55,OVERDUE_RETURN
RNT00839,EQX0034,SITE009,OP031,2025-05-25,2025-07-09,2025-07-06,45,658.29,COMPLETED
RNT00840,EQX0116,SITE011,OP034,2025-02-14,2025-02-28,2025-02-27,14,256.34,COMPLETED
RNT00841,EQX0026,SITE013,OP045,2025-10-05,2025-10-08,2025-10-12,3,1011.54,OVERDUE_RETURN
RNT00842,EQX0002,SITE002,OP025,2025-10-05,2025-11-19,2025-11-21,45,1277.64,OVERDUE_RETURN
RNT00843,EQX0003,SITE005,OP056,2026-01-31,2026-02-07,2026-02-10,7,825.85,OVERDUE_RETURN
RNT00844,EQX0091,SITE002,OP058,2025-11-20,2025-12-11,2025-12-16,21,291.79,OVERDUE_RETURN
RNT00845,EQX0026,SITE009,OP030,2025-01-23,2025-01-26,2025-01-26,3,1351.28,COMPLETED
RNT00846,EQX0040,SITE006,OP032,2026-02-07,2026-03-24,2026-03-23,45,203.33,COMPLETED
RNT00847,EQX0088,SITE006,OP023,2025-11-06,2025-11-13,2025-11-18,7,530.37,OVERDUE_RETURN
RNT00848,EQX0008,SITE011,OP017,2026-02-01,2026-04-02,2026-03-30,60,1379.05,COMPLETED
RNT00849,EQX0036,SITE004,OP010,2025-12-16,2026-01-06,2026-01-05,21,291.5,COMPLETED
RNT00850,EQX0049,SITE009,OP044,2025-08-21,2025-09-11,2025-09-11,21,907.58,COMPLETED
RNT00851,EQX0055,SITE005,OP059,2025-12-04,2025-12-25,2025-12-30,21,347.35,OVERDUE_RETURN
RNT00852,EQX0084,SITE003,OP038,2026-07-09,2026-08-23,2026-08-23,45,1275.49,COMPLETED
RNT00853,EQX0040,SITE012,OP046,2026-06-21,2026-06-28,2026-07-01,7,1444.52,OVERDUE_RETURN
RNT00854,EQX0099,SITE003,OP042,2025-06-11,2025-06-25,2025-06-23,14,887.82,COMPLETED
RNT00855,EQX0093,SITE002,OP012,2025-11-22,2026-01-21,2026-01-20,60,1103.39,COMPLETED
RNT00856,EQX0098,SITE006,OP057,2026-02-28,2026-03-21,2026-03-22,21,742.62,OVERDUE_RETURN
RNT00857,EQX0120,SITE014,OP058,2025-10-08,2025-10-15,2025-10-15,7,315.6,COMPLETED
RNT00858,EQX0024,SITE001,OP049,2025-10-01,2025-10-31,2025-10-31,30,937.38,COMPLETED
RNT00859,EQX0030,SITE011,OP002,2026-01-03,2026-01-06,2026-01-10,3,350.29,OVERDUE_RETURN
RNT00860,EQX0109,SITE010,OP031,2026-01-18,2026-01-25,2026-01-28,7,804.14,OVERDUE_RETURN
RNT00861,EQX0018,SITE003,OP013,2025-08-20,2025-08-23,2025-08-26,3,1150.96,OVERDUE_RETURN
RNT00862,EQX0002,SITE015,OP018,2026-02-27,2026-03-06,2026-03-06,7,1142.38,COMPLETED
RNT00863,EQX0009,SITE003,OP060,2026-03-26,2026-05-25,2026-05-29,60,1053.59,OVERDUE_RETURN
RNT00864,EQX0111,SITE008,OP057,2025-09-10,2025-10-01,2025-10-04,21,1165.79,OVERDUE_RETURN
RNT00865,EQX0078,SITE012,OP053,2026-01-25,2026-03-11,2026-03-13,45,680.57,OVERDUE_RETURN
RNT00866,EQX0096,SITE010,OP039,2026-07-04,2026-08-03,2026-07-31,30,841.22,COMPLETED
RNT00867,EQX0058,SITE008,OP053,2025-02-13,2025-02-20,2025-02-25,7,863.09,OVERDUE_RETURN
RNT00868,EQX0095,SITE001,OP036,2026-02-01,2026-03-03,2026-02-28,30,421.11,COMPLETED
RNT00869,EQX0057,SITE007,OP057,2025-11-08,2026-01-07,2026-01-08,60,765.91,OVERDUE_RETURN
RNT00870,EQX0055,SITE005,OP040,2025-02-25,2025-04-11,2025-04-16,45,1327.67,OVERDUE_RETURN
RNT00871,EQX0060,SITE014,OP042,2026-04-08,2026-04-11,2026-04-16,3,323.73,OVERDUE_RETURN
RNT00872,EQX0100,SITE010,OP058,2026-07-14,2026-07-21,2026-07-24,7,705.22,OVERDUE_RETURN
RNT00873,EQX0058,SITE001,OP012,2026-04-10,2026-05-10,2026-05-10,30,1300.84,COMPLETED
RNT00874,EQX0012,SITE005,OP021,2025-06-17,2025-08-01,2025-07-30,45,295.81,COMPLETED
RNT00875,EQX0091,SITE008,OP041,2026-01-07,2026-01-10,2026-01-15,3,1078.24,OVERDUE_RETURN
RNT00876,EQX0094,SITE013,OP033,2025-06-13,2025-07-04,2025-07-09,21,663.37,OVERDUE_RETURN
RNT00877,EQX0099,SITE003,OP059,2025-12-10,2026-01-09,2026-01-08,30,385.9,COMPLETED
RNT00878,EQX0019,SITE003,OP050,2025-02-22,2025-03-15,2025-03-16,21,573.09,OVERDUE_RETURN
RNT00879,EQX0099,SITE008,OP019,2025-07-05,2025-07-08,2025-07-07,3,1399.75,COMPLETED
RNT00880,EQX0001,SITE010,OP049,2025-09-17,2025-09-20,2025-09-24,3,811.99,OVERDUE_RETURN
RNT00881,EQX0064,SITE009,OP052,2025-01-06,2025-02-05,2025-02-09,30,482.11,OVERDUE_RETURN
RNT00882,EQX0076,SITE011,OP031,2026-04-10,2026-05-01,2026-05-05,21,280.84,OVERDUE_RETURN
RNT00883,EQX0077,SITE001,OP016,2026-07-15,2026-07-29,2026-08-03,14,1221.55,OVERDUE_RETURN
RNT00884,EQX0027,SITE001,OP012,2025-06-01,2025-06-04,2025-06-06,3,226.64,OVERDUE_RETURN
RNT00885,EQX0110,SITE001,OP043,2025-11-02,2025-11-16,2025-11-14,14,242.27,COMPLETED
RNT00886,EQX0054,SITE003,OP011,2025-10-19,2025-11-18,2025-11-23,30,405.32,OVERDUE_RETURN
RNT00887,EQX0059,SITE012,OP038,2026-01-04,2026-01-07,2026-01-05,3,1156.01,COMPLETED
RNT00888,EQX0042,SITE006,OP058,2026-01-24,2026-03-25,2026-03-23,60,1143.22,COMPLETED
RNT00889,EQX0108,SITE009,OP005,2025-10-27,2025-11-17,2025-11-16,21,334.97,COMPLETED
RNT00890,EQX0111,SITE005,OP022,2026-06-24,2026-07-15,2026-07-20,21,446.5,OVERDUE_RETURN
RNT00891,EQX0027,SITE010,OP004,2025-04-22,2025-05-22,2025-05-27,30,1433.73,OVERDUE_RETURN
RNT00892,EQX0062,SITE012,OP045,2025-10-22,2025-11-12,2025-11-14,21,509.77,OVERDUE_RETURN
RNT00893,EQX0074,SITE010,OP023,2025-05-13,2025-06-12,2025-06-16,30,840.03,OVERDUE_RETURN
RNT00894,EQX0081,SITE008,OP032,2025-07-04,2025-08-03,2025-08-03,30,1079.91,COMPLETED
RNT00895,EQX0025,SITE001,OP008,2025-01-25,2025-02-15,2025-02-13,21,1116.58,COMPLETED
RNT00896,EQX0027,SITE013,OP040,2026-03-01,2026-03-22,2026-03-19,21,603.92,COMPLETED
RNT00897,EQX0072,SITE013,OP041,2025-08-06,2025-08-09,2025-08-09,3,1056.32,COMPLETED
RNT00898,EQX0033,SITE013,OP005,2025-11-12,2025-11-26,2025-12-01,14,878.49,OVERDUE_RETURN
RNT00899,EQX0099,SITE001,OP008,2025-12-08,2025-12-22,2025-12-25,14,1099.98,OVERDUE_RETURN
RNT00900,EQX0079,SITE001,OP054,2025-06-29,2025-07-06,2025-07-08,7,1238.96,OVERDUE_RETURN
RNT00901,EQX0119,SITE011,OP031,2026-05-01,2026-06-30,2026-06-27,60,999.98,COMPLETED
RNT00902,EQX0062,SITE003,OP041,2026-04-17,2026-06-16,2026-06-21,60,1317.83,OVERDUE_RETURN
RNT00903,EQX0060,SITE013,OP053,2026-02-28,2026-04-14,2026-04-11,45,1240.58,COMPLETED
RNT00904,EQX0039,SITE010,OP047,2025-11-20,2025-12-20,2025-12-25,30,203.77,OVERDUE_RETURN
RNT00905,EQX0074,SITE011,OP022,2025-12-29,2026-01-01,2025-12-31,3,536.18,COMPLETED
RNT00906,EQX0004,SITE006,OP025,2026-07-02,2026-08-31,2026-08-30,60,905.15,COMPLETED
RNT00907,EQX0050,SITE003,OP039,2025-04-30,2025-06-29,2025-06-30,60,1075.69,OVERDUE_RETURN
RNT00908,EQX0041,SITE012,OP003,2025-10-06,2025-10-27,2025-10-25,21,811.26,COMPLETED
RNT00909,EQX0031,SITE006,OP029,2025-11-06,2025-11-13,2025-11-18,7,563.94,OVERDUE_RETURN
RNT00910,EQX0015,SITE006,OP051,2025-02-08,2025-04-09,2025-04-09,60,1339.96,COMPLETED
RNT00911,EQX0057,SITE009,OP002,2026-05-10,2026-06-09,2026-06-08,30,421.57,COMPLETED
RNT00912,EQX0119,SITE008,OP047,2026-06-21,2026-07-05,2026-07-07,14,361.98,OVERDUE_RETURN
RNT00913,EQX0112,SITE002,OP053,2026-06-13,2026-07-28,2026-07-27,45,440.59,COMPLETED
RNT00914,EQX0005,SITE008,OP025,2026-06-19,2026-06-22,2026-06-19,3,574.95,COMPLETED
RNT00915,EQX0006,SITE011,OP055,2025-03-31,2025-04-14,2025-04-18,14,1309.27,OVERDUE_RETURN
RNT00916,EQX0014,SITE009,OP050,2025-11-16,2025-11-19,2025-11-20,3,991.34,OVERDUE_RETURN
RNT00917,EQX0027,SITE006,OP013,2025-07-17,2025-07-31,2025-08-01,14,855.99,OVERDUE_RETURN
RNT00918,EQX0099,SITE008,OP043,2025-05-01,2025-05-15,2025-05-14,14,380.02,COMPLETED
RNT00919,EQX0015,SITE001,OP040,2026-06-11,2026-06-14,2026-06-14,3,869.01,COMPLETED
RNT00920,EQX0071,SITE006,OP018,2025-05-25,2025-07-09,2025-07-10,45,909.09,OVERDUE_RETURN
RNT00921,EQX0022,SITE002,OP020,2025-12-13,2026-01-12,2026-01-16,30,244.42,OVERDUE_RETURN
RNT00922,EQX0004,SITE008,OP058,2025-02-21,2025-02-24,2025-02-27,3,248.33,OVERDUE_RETURN
RNT00923,EQX0055,SITE007,OP012,2026-04-02,2026-05-02,2026-05-04,30,576.8,OVERDUE_RETURN
RNT00924,EQX0105,SITE004,OP046,2026-07-01,2026-07-04,2026-07-08,3,901.09,OVERDUE_RETURN
RNT00925,EQX0012,SITE014,OP052,2026-04-25,2026-04-28,2026-05-02,3,574.2,OVERDUE_RETURN
RNT00926,EQX0083,SITE012,OP050,2026-04-22,2026-05-13,2026-05-13,21,1383.26,COMPLETED
RNT00927,EQX0019,SITE014,OP058,2025-09-22,2025-10-06,2025-10-09,14,412.86,OVERDUE_RETURN
RNT00928,EQX0118,SITE011,OP022,2025-11-29,2025-12-20,2025-12-24,21,218.44,OVERDUE_RETURN
RNT00929,EQX0061,SITE002,OP023,2026-05-06,2026-05-27,2026-05-26,21,538.47,COMPLETED
RNT00930,EQX0045,SITE010,OP037,2025-05-11,2025-06-10,2025-06-08,30,695.22,COMPLETED
RNT00931,EQX0092,SITE013,OP007,2025-11-30,2025-12-30,2025-12-28,30,1186.39,COMPLETED
RNT00932,EQX0069,SITE008,OP026,2026-02-28,2026-03-07,2026-03-07,7,875.9,COMPLETED
RNT00933,EQX0062,SITE007,OP005,2025-12-15,2025-12-22,2025-12-25,7,1176.08,OVERDUE_RETURN
RNT00934,EQX0056,SITE010,OP051,2025-12-17,2026-01-16,2026-01-16,30,399.82,COMPLETED
RNT00935,EQX0086,SITE002,OP048,2026-05-14,2026-05-17,2026-05-21,3,593.23,OVERDUE_RETURN
RNT00936,EQX0013,SITE014,OP029,2025-06-30,2025-07-14,2025-07-17,14,268.4,OVERDUE_RETURN
RNT00937,EQX0014,SITE011,OP053,2026-01-24,2026-02-07,2026-02-11,14,999.14,OVERDUE_RETURN
RNT00938,EQX0008,SITE002,OP014,2025-05-23,2025-06-22,2025-06-19,30,1141.49,COMPLETED
RNT00939,EQX0085,SITE003,OP029,2026-06-29,2026-07-13,2026-07-16,14,961.78,OVERDUE_RETURN
RNT00940,EQX0058,SITE004,OP014,2025-11-21,2025-12-05,2025-12-06,14,1346.5,OVERDUE_RETURN
RNT00941,EQX0120,SITE007,OP046,2025-12-19,2025-12-22,2025-12-19,3,956.59,COMPLETED
RNT00942,EQX0066,SITE007,OP055,2025-05-11,2025-07-10,2025-07-11,60,259.26,OVERDUE_RETURN
RNT00943,EQX0116,SITE009,OP004,2025-01-01,2025-02-15,2025-02-20,45,1222.36,OVERDUE_RETURN
RNT00944,EQX0046,SITE002,OP056,2025-10-16,2025-12-15,2025-12-12,60,478.76,COMPLETED
RNT00945,EQX0090,SITE010,OP026,2025-11-22,2026-01-06,2026-01-09,45,695.66,OVERDUE_RETURN
RNT00946,EQX0056,SITE009,OP014,2025-06-27,2025-07-18,2025-07-17,21,419.05,COMPLETED
RNT00947,EQX0050,SITE014,OP060,2026-01-04,2026-03-05,2026-03-08,60,375.92,OVERDUE_RETURN
RNT00948,EQX0112,SITE011,OP009,2025-05-18,2025-05-21,2025-05-19,3,1003.45,COMPLETED
RNT00949,EQX0019,SITE012,OP057,2026-05-14,2026-06-28,2026-07-01,45,1418.22,OVERDUE_RETURN
RNT00950,EQX0018,SITE002,OP009,2026-03-02,2026-05-01,2026-05-05,60,1314.85,OVERDUE_RETURN
RNT00951,EQX0090,SITE010,OP060,2026-03-12,2026-04-11,2026-04-10,30,757.08,COMPLETED
RNT00952,EQX0055,SITE009,OP053,2026-04-06,2026-04-27,2026-04-29,21,466.69,OVERDUE_RETURN
RNT00953,EQX0055,SITE010,OP001,2026-05-26,2026-07-25,2026-07-25,60,1084.41,COMPLETED
RNT00954,EQX0035,SITE007,OP060,2026-07-14,2026-08-13,2026-08-15,30,222.5,OVERDUE_RETURN
RNT00955,EQX0005,SITE010,OP031,2026-01-13,2026-01-16,2026-01-20,3,1401.41,OVERDUE_RETURN
RNT00956,EQX0011,SITE003,OP047,2026-06-24,2026-08-23,2026-08-24,60,770.47,OVERDUE_RETURN
RNT00957,EQX0011,SITE009,OP057,2025-04-01,2025-04-08,2025-04-12,7,980.94,OVERDUE_RETURN
RNT00958,EQX0085,SITE011,OP005,2026-07-07,2026-09-05,2026-09-06,60,958.56,OVERDUE_RETURN
RNT00959,EQX0116,SITE006,OP035,2025-01-12,2025-02-02,2025-02-06,21,831.08,OVERDUE_RETURN
RNT00960,EQX0061,SITE010,OP047,2025-12-06,2025-12-27,2025-12-29,21,1399.94,OVERDUE_RETURN
RNT00961,EQX0103,SITE005,OP019,2025-06-21,2025-06-24,2025-06-25,3,1103.25,OVERDUE_RETURN
RNT00962,EQX0073,SITE005,OP004,2026-04-30,2026-05-30,2026-05-29,30,907.53,COMPLETED
RNT00963,EQX0085,SITE005,OP052,2025-01-28,2025-02-11,2025-02-15,14,284.79,OVERDUE_RETURN
RNT00964,EQX0065,SITE002,OP055,2025-10-12,2025-10-26,2025-10-25,14,962.06,COMPLETED
RNT00965,EQX0036,SITE014,OP017,2025-01-15,2025-03-01,2025-02-27,45,946.85,COMPLETED
RNT00966,EQX0117,SITE010,OP048,2025-06-04,2025-07-19,2025-07-23,45,649.6,OVERDUE_RETURN
RNT00967,EQX0023,SITE005,OP051,2025-08-30,2025-09-20,2025-09-19,21,1195.2,COMPLETED
RNT00968,EQX0111,SITE001,OP022,2025-03-28,2025-04-04,2025-04-03,7,1243.77,COMPLETED
RNT00969,EQX0097,SITE007,OP050,2026-01-28,2026-02-04,2026-02-08,7,1102.02,OVERDUE_RETURN
RNT00970,EQX0022,SITE004,OP037,2025-12-20,2025-12-23,2025-12-24,3,1139.46,OVERDUE_RETURN
RNT00971,EQX0015,SITE001,OP011,2026-04-21,2026-05-12,2026-05-16,21,562.74,OVERDUE_RETURN
RNT00972,EQX0096,SITE013,OP060,2026-06-30,2026-07-07,2026-07-10,7,1048.06,OVERDUE_RETURN
RNT00973,EQX0050,SITE008,OP017,2025-05-29,2025-06-28,2025-07-01,30,195.07,OVERDUE_RETURN
RNT00974,EQX0119,SITE013,OP029,2026-01-27,2026-03-13,2026-03-15,45,1401.44,OVERDUE_RETURN
RNT00975,EQX0088,SITE001,OP007,2026-06-29,2026-08-13,2026-08-15,45,1394.35,OVERDUE_RETURN
RNT00976,EQX0056,SITE010,OP059,2025-10-07,2025-10-21,2025-10-22,14,519.2,OVERDUE_RETURN
RNT00977,EQX0013,SITE005,OP042,2026-02-05,2026-02-26,2026-02-26,21,1112.58,COMPLETED
RNT00978,EQX0076,SITE013,OP013,2026-06-17,2026-07-01,2026-06-30,14,577.85,COMPLETED
RNT00979,EQX0002,SITE011,OP001,2025-03-11,2025-03-14,2025-03-17,3,304.08,OVERDUE_RETURN
RNT00980,EQX0014,SITE011,OP029,2025-12-26,2026-01-02,2026-01-03,7,499.91,OVERDUE_RETURN
RNT00981,EQX0005,SITE001,OP040,2025-04-05,2025-04-08,2025-04-08,3,1387.12,COMPLETED
RNT00982,EQX0082,SITE002,OP046,2025-05-03,2025-05-06,2025-05-05,3,657.47,COMPLETED
RNT00983,EQX0098,SITE015,OP042,2025-07-09,2025-07-12,2025-07-11,3,501.74,COMPLETED
RNT00984,EQX0060,SITE011,OP060,2025-03-19,2025-05-03,2025-05-07,45,1351.82,OVERDUE_RETURN
RNT00985,EQX0036,SITE013,OP028,2025-11-28,2025-12-12,2025-12-11,14,1171.53,COMPLETED
RNT00986,EQX0036,SITE013,OP004,2026-01-27,2026-02-17,2026-02-19,21,1444.87,OVERDUE_RETURN
RNT00987,EQX0034,SITE014,OP017,2025-07-02,2025-07-23,2025-07-21,21,804.49,COMPLETED
RNT00988,EQX0119,SITE004,OP040,2026-02-07,2026-02-14,2026-02-18,7,317.71,OVERDUE_RETURN
RNT00989,EQX0070,SITE013,OP028,2025-08-12,2025-09-11,2025-09-09,30,1339.01,COMPLETED
RNT00990,EQX0092,SITE005,OP007,2025-02-05,2025-02-08,2025-02-06,3,905.61,COMPLETED
RNT00991,EQX0033,SITE013,OP029,2025-01-20,2025-02-10,2025-02-09,21,1009.14,COMPLETED
RNT00992,EQX0001,SITE015,OP003,2026-02-04,2026-02-18,2026-02-17,14,1069.07,COMPLETED
RNT00993,EQX0116,SITE007,OP037,2025-01-04,2025-02-03,2025-02-07,30,787.24,OVERDUE_RETURN
RNT00994,EQX0052,SITE014,OP047,2025-03-13,2025-04-12,2025-04-12,30,184.2,COMPLETED
RNT00995,EQX0089,SITE014,OP050,2026-05-09,2026-05-12,2026-05-17,3,1367.5,OVERDUE_RETURN
RNT00996,EQX0046,SITE006,OP044,2025-11-07,2025-11-28,2025-11-25,21,982.99,COMPLETED
RNT00997,EQX0083,SITE002,OP024,2026-07-02,2026-08-31,2026-09-02,60,282.18,OVERDUE_RETURN
RNT00998,EQX0059,SITE013,OP050,2025-10-24,2025-12-08,2025-12-08,45,404.31,COMPLETED
RNT00999,EQX0006,SITE007,OP043,2025-07-15,2025-07-29,2025-08-01,14,1318.51,OVERDUE_RETURN
RNT01000,EQX0081,SITE012,OP023,2026-05-14,2026-05-17,2026-05-21,3,1113.86,OVERDUE_RETURN
RNT01001,EQX0018,SITE001,OP013,2025-01-26,2025-03-12,2025-03-12,45,801.33,COMPLETED
RNT01002,EQX0009,SITE013,OP035,2025-11-12,2025-12-03,2025-12-08,21,1405.49,OVERDUE_RETURN
RNT01003,EQX0104,SITE008,OP002,2025-02-07,2025-02-21,2025-02-18,14,608.9,COMPLETED
RNT01004,EQX0093,SITE001,OP026,2025-05-02,2025-05-09,2025-05-14,7,762.13,OVERDUE_RETURN
RNT01005,EQX0087,SITE014,OP056,2026-07-04,2026-07-11,2026-07-11,7,1354.52,COMPLETED
RNT01006,EQX0005,SITE012,OP010,2026-05-16,2026-06-30,2026-06-27,45,778.45,COMPLETED
RNT01007,EQX0118,SITE010,OP003,2025-09-06,2025-10-21,2025-10-20,45,198.24,COMPLETED
RNT01008,EQX0081,SITE001,OP058,2025-11-11,2026-01-10,2026-01-08,60,759.35,COMPLETED
RNT01009,EQX0022,SITE014,OP038,2025-03-07,2025-05-06,2025-05-04,60,325.01,COMPLETED
RNT01010,EQX0077,SITE013,OP040,2025-08-14,2025-08-17,2025-08-17,3,721.29,COMPLETED
RNT01011,EQX0104,SITE014,OP048,2026-02-16,2026-03-02,2026-02-28,14,1419.33,COMPLETED
RNT01012,EQX0074,SITE009,OP009,2025-11-26,2026-01-25,2026-01-25,60,1150.57,COMPLETED
RNT01013,EQX0076,SITE003,OP022,2025-03-06,2025-03-09,2025-03-10,3,359.37,OVERDUE_RETURN
RNT01014,EQX0054,SITE003,OP045,2026-01-14,2026-02-13,2026-02-12,30,737.1,COMPLETED
RNT01015,EQX0119,SITE010,OP003,2025-05-17,2025-05-20,2025-05-23,3,1167.63,OVERDUE_RETURN
RNT01016,EQX0003,SITE015,OP032,2025-03-24,2025-03-27,2025-03-24,3,407.85,COMPLETED
RNT01017,EQX0012,SITE012,OP042,2025-10-18,2025-11-08,2025-11-12,21,1059.3,OVERDUE_RETURN
RNT01018,EQX0027,SITE003,OP041,2025-10-05,2025-11-04,2025-11-08,30,703.28,OVERDUE_RETURN
RNT01019,EQX0023,SITE010,OP045,2025-02-08,2025-03-10,2025-03-09,30,1090.84,COMPLETED
RNT01020,EQX0079,SITE002,OP041,2025-11-05,2025-11-19,2025-11-22,14,185.8,OVERDUE_RETURN
RNT01021,EQX0031,SITE004,OP008,2026-06-27,2026-06-30,2026-07-02,3,1275.67,OVERDUE_RETURN
RNT01022,EQX0070,SITE009,OP015,2026-04-21,2026-06-20,2026-06-20,60,531.06,COMPLETED
RNT01023,EQX0025,SITE002,OP051,2025-06-02,2025-07-17,2025-07-21,45,811.84,OVERDUE_RETURN
RNT01024,EQX0021,SITE011,OP060,2025-02-14,2025-02-17,2025-02-19,3,542.03,OVERDUE_RETURN
RNT01025,EQX0056,SITE005,OP022,2026-04-10,2026-04-13,2026-04-11,3,1120.33,COMPLETED
RNT01026,EQX0119,SITE009,OP012,2025-06-11,2025-08-10,2025-08-07,60,796.03,COMPLETED
RNT01027,EQX0015,SITE002,OP058,2025-08-29,2025-10-13,2025-10-17,45,932.74,OVERDUE_RETURN
RNT01028,EQX0042,SITE007,OP013,2025-11-30,2025-12-07,2025-12-05,7,594.19,COMPLETED
RNT01029,EQX0013,SITE004,OP048,2026-02-27,2026-04-28,2026-04-28,60,656.93,COMPLETED
RNT01030,EQX0029,SITE002,OP031,2026-05-12,2026-05-15,2026-05-18,3,364.08,OVERDUE_RETURN
RNT01031,EQX0119,SITE010,OP030,2025-07-02,2025-07-23,2025-07-25,21,353.23,OVERDUE_RETURN
RNT01032,EQX0093,SITE004,OP041,2026-01-03,2026-01-17,2026-01-17,14,606.58,COMPLETED
RNT01033,EQX0005,SITE012,OP037,2025-03-03,2025-03-17,2025-03-16,14,321.11,COMPLETED
RNT01034,EQX0060,SITE008,OP027,2025-06-25,2025-08-24,2025-08-26,60,459.21,OVERDUE_RETURN
RNT01035,EQX0038,SITE010,OP011,2025-06-24,2025-07-24,2025-07-29,30,1265.86,OVERDUE_RETURN
RNT01036,EQX0012,SITE007,OP055,2026-06-19,2026-07-10,2026-07-10,21,931.31,COMPLETED
RNT01037,EQX0108,SITE008,OP018,2025-01-15,2025-03-01,2025-03-04,45,1114.95,OVERDUE_RETURN
RNT01038,EQX0032,SITE004,OP021,2026-03-21,2026-04-20,2026-04-20,30,1312.61,COMPLETED
RNT01039,EQX0076,SITE003,OP059,2025-01-06,2025-01-27,2025-01-24,21,230.87,COMPLETED
RNT01040,EQX0061,SITE012,OP050,2026-06-01,2026-06-04,2026-06-07,3,854.52,OVERDUE_RETURN
RNT01041,EQX0062,SITE013,OP052,2025-04-11,2025-05-02,2025-05-06,21,485.45,OVERDUE_RETURN
RNT01042,EQX0072,SITE013,OP001,2026-02-21,2026-02-28,2026-02-27,7,635.18,COMPLETED
RNT01043,EQX0031,SITE011,OP006,2025-01-17,2025-02-07,2025-02-08,21,385.49,OVERDUE_RETURN
RNT01044,EQX0059,SITE014,OP037,2025-01-25,2025-02-15,2025-02-19,21,1160.23,OVERDUE_RETURN
RNT01045,EQX0112,SITE012,OP026,2025-07-09,2025-09-07,2025-09-09,60,976.05,OVERDUE_RETURN
RNT01046,EQX0091,SITE011,OP001,2025-03-14,2025-04-04,2025-04-06,21,854.27,OVERDUE_RETURN
RNT01047,EQX0038,SITE007,OP049,2025-10-04,2025-11-18,2025-11-23,45,910.54,OVERDUE_RETURN
RNT01048,EQX0027,SITE013,OP044,2025-03-24,2025-04-23,2025-04-25,30,1114.42,OVERDUE_RETURN
RNT01049,EQX0008,SITE009,OP059,2026-01-08,2026-01-11,2026-01-09,3,666.35,COMPLETED
RNT01050,EQX0060,SITE010,OP003,2026-01-10,2026-01-24,2026-01-23,14,1003.18,COMPLETED
RNT01051,EQX0091,SITE002,OP036,2025-07-29,2025-08-05,2025-08-07,7,483.06,OVERDUE_RETURN
RNT01052,EQX0015,SITE011,OP031,2025-08-03,2025-10-02,2025-10-02,60,586.99,COMPLETED
RNT01053,EQX0115,SITE005,OP033,2026-03-10,2026-03-24,2026-03-21,14,260.48,COMPLETED
RNT01054,EQX0045,SITE008,OP032,2026-05-29,2026-06-28,2026-06-26,30,777.11,COMPLETED
RNT01055,EQX0069,SITE011,OP053,2026-06-30,2026-07-14,2026-07-18,14,968.61,OVERDUE_RETURN
RNT01056,EQX0103,SITE011,OP045,2025-03-09,2025-03-16,2025-03-20,7,290.88,OVERDUE_RETURN
RNT01057,EQX0051,SITE015,OP012,2025-10-23,2025-10-26,2025-10-24,3,389.25,COMPLETED
RNT01058,EQX0015,SITE012,OP010,2026-05-24,2026-05-31,2026-05-31,7,841.27,COMPLETED
RNT01059,EQX0081,SITE001,OP019,2026-03-03,2026-04-17,2026-04-22,45,1363.29,OVERDUE_RETURN
RNT01060,EQX0061,SITE006,OP027,2026-03-31,2026-05-15,2026-05-12,45,550.23,COMPLETED
RNT01061,EQX0009,SITE001,OP056,2025-08-26,2025-10-25,2025-10-30,60,998.73,OVERDUE_RETURN
RNT01062,EQX0053,SITE010,OP022,2025-12-01,2025-12-22,2025-12-27,21,1249.22,OVERDUE_RETURN
RNT01063,EQX0057,SITE008,OP020,2025-05-16,2025-07-15,2025-07-16,60,398.11,OVERDUE_RETURN
RNT01064,EQX0034,SITE004,OP031,2026-01-16,2026-01-30,2026-01-27,14,368.39,COMPLETED
RNT01065,EQX0037,SITE008,OP011,2025-06-14,2025-07-29,2025-08-03,45,542.26,OVERDUE_RETURN
RNT01066,EQX0023,SITE014,OP046,2025-06-07,2025-06-14,2025-06-14,7,328.49,COMPLETED
RNT01067,EQX0041,SITE010,OP009,2026-03-28,2026-04-11,2026-04-13,14,414.31,OVERDUE_RETURN
RNT01068,EQX0072,SITE012,OP003,2025-11-21,2025-12-05,2025-12-04,14,653.6,COMPLETED
RNT01069,EQX0070,SITE003,OP035,2025-11-05,2025-11-08,2025-11-05,3,693.79,COMPLETED
RNT01070,EQX0064,SITE013,OP010,2026-04-15,2026-04-29,2026-04-28,14,185.45,COMPLETED
RNT01071,EQX0095,SITE009,OP033,2025-12-06,2026-01-20,2026-01-21,45,781.87,OVERDUE_RETURN
RNT01072,EQX0038,SITE013,OP037,2025-05-31,2025-07-30,2025-08-03,60,610.13,OVERDUE_RETURN
RNT01073,EQX0015,SITE012,OP031,2025-02-11,2025-02-18,2025-02-23,7,328.43,OVERDUE_RETURN
RNT01074,EQX0004,SITE007,OP040,2025-08-14,2025-09-04,2025-09-06,21,297.45,OVERDUE_RETURN
RNT01075,EQX0008,SITE010,OP042,2025-07-19,2025-08-18,2025-08-23,30,462.12,OVERDUE_RETURN
RNT01076,EQX0120,SITE013,OP018,2025-07-20,2025-07-23,2025-07-21,3,863.78,COMPLETED
RNT01077,EQX0058,SITE011,OP043,2025-03-31,2025-04-30,2025-05-03,30,426.95,OVERDUE_RETURN
RNT01078,EQX0041,SITE010,OP039,2026-06-08,2026-06-11,2026-06-13,3,684.9,OVERDUE_RETURN
RNT01079,EQX0092,SITE014,OP028,2026-01-14,2026-02-04,2026-02-06,21,195.48,OVERDUE_RETURN
RNT01080,EQX0045,SITE006,OP020,2026-04-02,2026-06-01,2026-06-06,60,291.25,OVERDUE_RETURN
RNT01081,EQX0094,SITE015,OP029,2026-03-02,2026-05-01,2026-05-05,60,546.57,OVERDUE_RETURN
RNT01082,EQX0104,SITE012,OP058,2026-03-11,2026-04-25,2026-04-28,45,357.25,OVERDUE_RETURN
RNT01083,EQX0076,SITE010,OP006,2025-05-28,2025-06-04,2025-06-05,7,782.76,OVERDUE_RETURN
RNT01084,EQX0112,SITE009,OP022,2025-03-09,2025-04-08,2025-04-11,30,292.33,OVERDUE_RETURN
RNT01085,EQX0053,SITE011,OP059,2025-10-07,2025-10-28,2025-10-27,21,885.88,COMPLETED
RNT01086,EQX0091,SITE010,OP049,2025-05-21,2025-05-28,2025-05-27,7,1237.0,COMPLETED
RNT01087,EQX0038,SITE009,OP032,2025-02-13,2025-04-14,2025-04-15,60,1239.92,OVERDUE_RETURN
RNT01088,EQX0039,SITE008,OP036,2026-04-20,2026-04-27,2026-04-24,7,1184.85,COMPLETED
RNT01089,EQX0020,SITE005,OP020,2026-04-29,2026-05-02,2026-05-03,3,709.79,OVERDUE_RETURN
RNT01090,EQX0063,SITE015,OP045,2025-09-08,2025-09-11,2025-09-09,3,1151.19,COMPLETED
RNT01091,EQX0064,SITE002,OP039,2026-01-06,2026-02-05,2026-02-09,30,898.28,OVERDUE_RETURN
RNT01092,EQX0112,SITE005,OP041,2026-05-03,2026-06-17,2026-06-15,45,653.97,COMPLETED
RNT01093,EQX0094,SITE010,OP002,2025-09-23,2025-09-30,2025-09-27,7,365.59,COMPLETED
RNT01094,EQX0060,SITE015,OP045,2025-05-19,2025-06-02,2025-06-01,14,247.17,COMPLETED
RNT01095,EQX0047,SITE007,OP041,2025-12-31,2026-01-03,2026-01-04,3,550.41,OVERDUE_RETURN
RNT01096,EQX0082,SITE015,OP005,2026-06-11,2026-06-18,2026-06-17,7,1151.16,COMPLETED
RNT01097,EQX0077,SITE013,OP011,2026-07-11,2026-07-25,2026-07-27,14,1230.06,OVERDUE_RETURN
RNT01098,EQX0088,SITE013,OP020,2025-10-05,2025-11-19,2025-11-21,45,301.71,OVERDUE_RETURN
RNT01099,EQX0075,SITE006,OP053,2025-05-28,2025-05-31,2025-05-30,3,838.08,COMPLETED
RNT01100,EQX0048,SITE013,OP032,2026-02-26,2026-03-12,2026-03-11,14,310.07,COMPLETED
RNT01101,EQX0020,SITE009,OP015,2025-07-12,2025-09-10,2025-09-15,60,959.05,OVERDUE_RETURN
RNT01102,EQX0107,SITE009,OP055,2026-06-29,2026-08-13,2026-08-18,45,1071.88,OVERDUE_RETURN
RNT01103,EQX0103,SITE002,OP027,2026-04-17,2026-04-20,2026-04-18,3,1219.93,COMPLETED
RNT01104,EQX0119,SITE001,OP031,2025-12-23,2026-01-06,2026-01-08,14,356.55,OVERDUE_RETURN
RNT01105,EQX0057,SITE015,OP039,2026-06-20,2026-08-19,2026-08-21,60,398.7,OVERDUE_RETURN
RNT01106,EQX0039,SITE001,OP048,2025-05-02,2025-05-09,2025-05-08,7,1268.16,COMPLETED
RNT01107,EQX0019,SITE012,OP015,2025-11-11,2025-11-18,2025-11-18,7,345.38,COMPLETED
RNT01108,EQX0011,SITE007,OP045,2025-04-25,2025-04-28,2025-04-25,3,1163.86,COMPLETED
RNT01109,EQX0097,SITE007,OP003,2025-07-21,2025-07-24,2025-07-21,3,1187.18,COMPLETED
RNT01110,EQX0066,SITE010,OP004,2026-04-26,2026-04-29,2026-04-30,3,234.97,OVERDUE_RETURN
RNT01111,EQX0039,SITE011,OP001,2025-04-09,2025-06-08,2025-06-06,60,1348.52,COMPLETED
RNT01112,EQX0027,SITE010,OP058,2025-07-24,2025-07-31,2025-08-02,7,217.16,OVERDUE_RETURN
RNT01113,EQX0019,SITE014,OP048,2025-10-12,2025-11-11,2025-11-13,30,627.3,OVERDUE_RETURN
RNT01114,EQX0110,SITE009,OP050,2025-09-05,2025-10-05,2025-10-03,30,305.86,COMPLETED
RNT01115,EQX0075,SITE013,OP001,2026-06-26,2026-07-03,2026-07-03,7,1404.62,COMPLETED
RNT01116,EQX0022,SITE015,OP049,2026-07-05,2026-07-08,2026-07-06,3,1353.77,COMPLETED
RNT01117,EQX0118,SITE009,OP055,2026-05-02,2026-05-16,2026-05-15,14,738.38,COMPLETED
RNT01118,EQX0014,SITE003,OP054,2025-12-30,2026-01-20,2026-01-23,21,452.13,OVERDUE_RETURN
RNT01119,EQX0030,SITE007,OP008,2025-11-18,2025-11-21,2025-11-25,3,320.1,OVERDUE_RETURN
RNT01120,EQX0018,SITE008,OP049,2026-01-05,2026-02-19,2026-02-20,45,887.56,OVERDUE_RETURN
RNT01121,EQX0006,SITE002,OP021,2026-05-21,2026-05-24,2026-05-27,3,540.19,OVERDUE_RETURN
RNT01122,EQX0077,SITE012,OP020,2026-03-31,2026-04-07,2026-04-12,7,697.25,OVERDUE_RETURN
RNT01123,EQX0110,SITE007,OP013,2025-03-13,2025-05-12,2025-05-16,60,1372.63,OVERDUE_RETURN
RNT01124,EQX0048,SITE003,OP001,2026-05-19,2026-07-03,2026-07-01,45,683.39,COMPLETED
RNT01125,EQX0067,SITE011,OP044,2025-03-29,2025-04-01,2025-03-31,3,681.41,COMPLETED
RNT01126,EQX0089,SITE010,OP007,2025-06-22,2025-06-25,2025-06-27,3,1418.51,OVERDUE_RETURN
RNT01127,EQX0044,SITE004,OP039,2026-02-18,2026-02-21,2026-02-21,3,1244.4,COMPLETED
RNT01128,EQX0093,SITE008,OP018,2025-10-07,2025-12-06,2025-12-09,60,632.24,OVERDUE_RETURN
RNT01129,EQX0086,SITE010,OP026,2026-05-12,2026-06-11,2026-06-12,30,367.17,OVERDUE_RETURN
RNT01130,EQX0059,SITE002,OP008,2025-09-14,2025-10-05,2025-10-09,21,473.14,OVERDUE_RETURN
RNT01131,EQX0018,SITE001,OP007,2025-02-24,2025-04-25,2025-04-23,60,812.63,COMPLETED
RNT01132,EQX0004,SITE003,OP025,2025-12-01,2025-12-08,2025-12-09,7,969.9,OVERDUE_RETURN
RNT01133,EQX0013,SITE013,OP005,2026-06-17,2026-08-16,2026-08-20,60,1186.77,OVERDUE_RETURN
RNT01134,EQX0026,SITE005,OP043,2026-05-25,2026-06-15,2026-06-20,21,512.31,OVERDUE_RETURN
RNT01135,EQX0044,SITE013,OP056,2026-07-08,2026-08-07,2026-08-04,30,1389.78,COMPLETED
RNT01136,EQX0005,SITE007,OP057,2025-05-02,2025-05-23,2025-05-27,21,579.49,OVERDUE_RETURN
RNT01137,EQX0049,SITE008,OP030,2025-02-06,2025-02-09,2025-02-08,3,886.97,COMPLETED
RNT01138,EQX0111,SITE013,OP020,2025-06-18,2025-07-09,2025-07-12,21,350.8,OVERDUE_RETURN
RNT01139,EQX0092,SITE007,OP032,2025-04-23,2025-05-23,2025-05-27,30,1018.3,OVERDUE_RETURN
RNT01140,EQX0088,SITE009,OP037,2026-04-27,2026-05-18,2026-05-23,21,1265.03,OVERDUE_RETURN
RNT01141,EQX0065,SITE001,OP026,2025-09-27,2025-10-18,2025-10-21,21,963.51,OVERDUE_RETURN
RNT01142,EQX0046,SITE013,OP019,2025-11-25,2025-11-28,2025-11-25,3,929.89,COMPLETED
RNT01143,EQX0017,SITE014,OP024,2025-12-24,2026-02-22,2026-02-19,60,1151.8,COMPLETED
RNT01144,EQX0081,SITE006,OP025,2025-04-10,2025-05-01,2025-05-03,21,1439.77,OVERDUE_RETURN
RNT01145,EQX0053,SITE006,OP004,2025-09-08,2025-09-15,2025-09-15,7,1003.07,COMPLETED
RNT01146,EQX0076,SITE002,OP059,2025-03-09,2025-05-08,2025-05-09,60,325.38,OVERDUE_RETURN
RNT01147,EQX0022,SITE001,OP035,2025-11-30,2025-12-03,2025-12-07,3,1015.37,OVERDUE_RETURN
RNT01148,EQX0055,SITE010,OP033,2026-03-08,2026-03-22,2026-03-19,14,1063.87,COMPLETED
RNT01149,EQX0076,SITE001,OP021,2026-01-22,2026-02-21,2026-02-24,30,589.48,OVERDUE_RETURN
RNT01150,EQX0013,SITE013,OP032,2025-04-13,2025-05-28,2025-05-28,45,606.68,COMPLETED
RNT01151,EQX0065,SITE013,OP049,2025-12-14,2025-12-21,2025-12-22,7,641.43,OVERDUE_RETURN
RNT01152,EQX0056,SITE004,OP032,2025-03-19,2025-05-18,2025-05-23,60,451.88,OVERDUE_RETURN
RNT01153,EQX0034,SITE001,OP020,2026-02-16,2026-04-17,2026-04-17,60,973.21,COMPLETED
RNT01154,EQX0012,SITE012,OP055,2025-04-08,2025-05-08,2025-05-10,30,527.17,OVERDUE_RETURN
RNT01155,EQX0073,SITE013,OP034,2026-05-02,2026-05-23,2026-05-23,21,621.09,COMPLETED
RNT01156,EQX0010,SITE011,OP053,2025-11-06,2025-12-06,2025-12-07,30,729.8,OVERDUE_RETURN
RNT01157,EQX0070,SITE006,OP013,2026-03-01,2026-03-22,2026-03-23,21,973.7,OVERDUE_RETURN
RNT01158,EQX0059,SITE011,OP049,2026-07-15,2026-07-22,2026-07-19,7,977.36,COMPLETED
RNT01159,EQX0067,SITE014,OP012,2026-05-27,2026-06-03,2026-06-07,7,520.28,OVERDUE_RETURN
RNT01160,EQX0082,SITE009,OP052,2026-03-21,2026-04-20,2026-04-17,30,843.28,COMPLETED
RNT01161,EQX0047,SITE008,OP010,2025-09-04,2025-09-11,2025-09-12,7,1252.03,OVERDUE_RETURN
RNT01162,EQX0053,SITE006,OP056,2025-03-07,2025-04-21,2025-04-21,45,1254.38,COMPLETED
RNT01163,EQX0035,SITE014,OP019,2025-06-14,2025-06-28,2025-06-28,14,695.45,COMPLETED
RNT01164,EQX0015,SITE003,OP013,2025-01-29,2025-02-05,2025-02-06,7,769.48,OVERDUE_RETURN
RNT01165,EQX0072,SITE007,OP028,2025-02-07,2025-02-14,2025-02-13,7,526.34,COMPLETED
RNT01166,EQX0004,SITE005,OP051,2025-10-12,2025-11-26,2025-12-01,45,403.5,OVERDUE_RETURN
RNT01167,EQX0110,SITE001,OP047,2026-05-13,2026-07-12,2026-07-09,60,250.27,COMPLETED
RNT01168,EQX0115,SITE002,OP021,2025-11-02,2026-01-01,2025-12-30,60,1323.73,COMPLETED
RNT01169,EQX0053,SITE015,OP024,2025-04-03,2025-04-24,2025-04-23,21,479.77,COMPLETED
RNT01170,EQX0074,SITE012,OP033,2025-05-04,2025-06-03,2025-06-08,30,499.8,OVERDUE_RETURN
RNT01171,EQX0114,SITE002,OP016,2025-05-06,2025-07-05,2025-07-07,60,598.19,OVERDUE_RETURN
RNT01172,EQX0075,SITE012,OP025,2025-08-30,2025-09-20,2025-09-20,21,363.23,COMPLETED
RNT01173,EQX0023,SITE004,OP018,2026-03-27,2026-04-17,2026-04-18,21,1275.88,OVERDUE_RETURN
RNT01174,EQX0008,SITE008,OP035,2026-01-19,2026-03-05,2026-03-03,45,581.94,COMPLETED
RNT01175,EQX0055,SITE008,OP044,2025-09-10,2025-09-24,2025-09-23,14,641.01,COMPLETED
RNT01176,EQX0092,SITE006,OP053,2025-11-12,2025-11-15,2025-11-12,3,1248.67,COMPLETED
RNT01177,EQX0085,SITE013,OP004,2025-09-03,2025-09-17,2025-09-22,14,668.56,OVERDUE_RETURN
RNT01178,EQX0082,SITE012,OP024,2025-05-05,2025-06-04,2025-06-04,30,1269.21,COMPLETED
RNT01179,EQX0050,SITE001,OP059,2026-02-07,2026-02-21,2026-02-22,14,294.62,OVERDUE_RETURN
RNT01180,EQX0106,SITE013,OP016,2025-11-01,2025-11-08,2025-11-07,7,1343.18,COMPLETED
RNT01181,EQX0081,SITE006,OP057,2026-02-21,2026-04-22,2026-04-19,60,528.03,COMPLETED
RNT01182,EQX0011,SITE014,OP050,2026-05-19,2026-06-09,2026-06-12,21,1356.65,OVERDUE_RETURN
RNT01183,EQX0043,SITE012,OP028,2025-04-13,2025-06-12,2025-06-11,60,1067.07,COMPLETED
RNT01184,EQX0065,SITE002,OP023,2026-03-07,2026-04-06,2026-04-11,30,1116.99,OVERDUE_RETURN
RNT01185,EQX0059,SITE012,OP002,2025-02-23,2025-04-09,2025-04-08,45,980.3,COMPLETED
RNT01186,EQX0102,SITE011,OP009,2025-01-04,2025-01-25,2025-01-25,21,977.94,COMPLETED
RNT01187,EQX0041,SITE010,OP006,2025-04-24,2025-05-01,2025-05-01,7,835.78,COMPLETED
RNT01188,EQX0099,SITE014,OP042,2025-05-14,2025-07-13,2025-07-16,60,1186.66,OVERDUE_RETURN
RNT01189,EQX0041,SITE008,OP031,2025-05-17,2025-05-31,2025-05-30,14,1053.08,COMPLETED
RNT01190,EQX0106,SITE006,OP052,2025-10-16,2025-10-23,2025-10-21,7,706.41,COMPLETED
RNT01191,EQX0024,SITE007,OP057,2026-01-22,2026-03-23,2026-03-23,60,206.33,COMPLETED
RNT01192,EQX0003,SITE015,OP036,2025-08-23,2025-08-26,2025-08-30,3,431.8,OVERDUE_RETURN
RNT01193,EQX0090,SITE014,OP011,2025-02-20,2025-03-13,2025-03-16,21,942.5,OVERDUE_RETURN
RNT01194,EQX0020,SITE002,OP024,2025-06-24,2025-07-24,2025-07-22,30,197.93,COMPLETED
RNT01195,EQX0068,SITE007,OP050,2026-04-10,2026-06-09,2026-06-13,60,330.51,OVERDUE_RETURN
RNT01196,EQX0092,SITE004,OP013,2025-09-30,2025-10-14,2025-10-18,14,665.23,OVERDUE_RETURN
RNT01197,EQX0056,SITE014,OP014,2025-08-09,2025-10-08,2025-10-09,60,1102.92,OVERDUE_RETURN
RNT01198,EQX0025,SITE007,OP012,2026-02-23,2026-04-24,2026-04-23,60,216.54,COMPLETED
RNT01199,EQX0034,SITE004,OP040,2026-04-07,2026-04-14,2026-04-16,7,920.29,OVERDUE_RETURN
RNT01200,EQX0083,SITE008,OP006,2025-01-11,2025-02-01,2025-01-31,21,1286.73,COMPLETED
